"ID","cohort","(Ã±)-3-Hydroxybutyric acid","1,7-Dimethylxanthine","17Ã -Hydroxyprogesterone","17-Hydroxyprogesterone","1-Methylnicotinamide","2-Aminophenol","2-Methylglutaric Acid","3-Amino-4-Hydroxybenzoic Acid","4-Trimethylammoniobutanoic acid","3-Hydroxy-2-Methylpyridine","3-Methyl-2-buten-1-ol","3-Methyl-L-Histidine","3R-hydroxy-isobutyric acid","4-Guanidinobutanoic acid","4-Methylcatechol","4-Hydroxyquinoline","5-Deoxy-5-(methylthio)adenosine","Ã -D-Glucose","Acetylcarnitine","Adenosine","Adonitol","Betaine","Biliverdin-IX","Caffeine","Citrulline","Corticosterone","Cortisone","Creatinine","Dihydrouracil","Dodecanoylcarnitine","Epicatechin","Estrone","Fructose","Glucosamine 6-Sulfate","Glutaryl-L-carnitine","Glycerophosphocholine","Hypoxanthine","Kynurenic acid","L-Glutamine","L-Isoleucine","L-Leucine","L-Nicotine","Norvaline","L-Phenylalanine","L-Proline","L-Tryptophan","L-Tyrosine","L-Valine","Methyl-B-D-galactopyranoside","N-Acetylaspartate","Nicotinamide","Nicotinic acid","Norleucine","Palmitoylcarnitine","Phosphocholine","Purine","Pyrocatechol","Quinine","Theobromine","Theophylline","Thymidine","Trigonelline","Urea","Uridine","Vanillin","Ergocalciferol"
"001-6",2020,0.00025458171720061,0.0567371711397407,0.00184358314263921,0.000694269641495042,0.00135979214340198,0.000147015636918383,0.0124550155910831,0.00300764778853547,0.00752622044241037,0.0117930554027612,1.45780892448513,0.00113169827707857,0.000534297678299008,0.00829519450800915,4.29581426392067e-05,0.0426902173913043,0.000121157513348589,0.00131321510297483,0.229567124332571,0.000920254255514874,5.55491990846682e-05,0.937261632341724,0.000257819956167963,0.00936022120518688,0.00453793663,0.00217639206712433,0.00226773455377574,1.1003434792226,0.00550664758971015,0.036501239511823,0.256289972981175,0.00360068649885584,0.000244448254672006,0.00020081998474447,0.00111570366132723,0.348071028791754,0.0132727879481312,0.00065553737095347,0.00330024085563692,0.00120242181540809,0.00335278413424867,0.02558134309,0.220609267734554,0.00269006816978642,0.00400243135011442,0.00405587464358505,0.003426371658,0.230978260869565,0.0934849999,0.00488322034706331,0.0437189764705034,0.024494980453852,0.00334329710144928,0.0664187643020595,0.0160846564991182,0.00246139968093059,0.0892219507926011,0.0112647787948131,0.038820337197132,0.0547083622839512,0.00108866252899695,0.0206042200594737,0.0490989702517162,0.00183968196987033,0.00750701334176964,1.90021929824561
"004-8",2020,0.000302257170099161,0.038064321227193,0.00209963768115942,0.00141967009916095,0.00627383676582761,0.000145809496567506,0.00492706827055683,0.00197542673099161,0.0275061975591152,0.0283104366428985,2.09253432494279,0.00118027309941266,0.00467458047292143,0.0262857551487414,1.11203279938978e-05,0.0553442028985507,0.00172964340198322,0.00377830912948131,0.101744851258581,0.000330579653493516,0.000102867789112128,2.42329328756674,0.000288913225777956,0.0125424294431731,0.00442702705,0.00233237986270023,0.00303117848970252,1.80221571512928,0.00467809968951182,0.0184696796338673,0.0467310299928299,0.00449480358504958,0.000685926773455378,0.000100758009153318,0.000547578184591915,0.257345404255942,0.0326868802440885,0.000368244660564455,0.00747833553577422,0.0131326277650648,0.019429347826087,0.02564041864,0.675772311212815,0.0144732074752098,0.0220771357742182,0.0046675099773913,0.002132304876,0.675772311212815,0.0695138998,0.00440281273836766,0.0501724876173989,0.0207646762967201,0.018887299771167,0.090465293668955,0.0136151909214447,0.00260588626592677,0.0757659015186957,0.0151849733028223,0.0302625478161404,0.0297786040037452,0.000685649533686499,0.0154954693656674,0.194822654462243,0.0018051230453852,0.00849658529260107,1.77464721586575
"005-8",2020,0.000326471495995423,0.0677779353458429,0.00110297482837529,0.000505673150266972,0.00381320461356217,4.56764874141876e-05,0.0143730443310145,0.00365649985971015,0.00443802440884821,0.0926086409110158,0.425624523264683,0.00155109803803585,0.000178251334858886,0.00456969870327994,5.14397406559878e-07,0.0352102402745995,0.000166671434019832,0.00110469107551487,0.0190002860411899,0.0029408914442029,7.64164669504196e-05,0.538567887109077,0.00031621274568688,0.0102884248665141,0.00446066546,0.000795957284515637,0.00470108695652174,2.50626752193665,0.0058449275120595,0.00466085049580473,0.343326336789916,0.00337385583524027,0.000549523579805492,0.00016371434044241,0.000511536994660564,0.315050176388162,0.00927631578947368,0.000181969870327994,0.0180919824959573,0.000394631960335622,0.00150686498855835,0.02548361471,0.12682112890923,0.00485275219778032,0.00319217200610221,0.00448058340209001,0.003523046624,0.121796338672769,0.0921607995,0.00528834429824561,0.0526465579856293,0.0235852264492754,0.00702452040524027,0.0201244279176201,0.0177663424908238,0.00247402601572082,0.119561822077407,0.0029192887109077,0.0398799777420366,0.0633424293688863,0.0010102991808299,0.0283809873231274,0.0196009725400458,0.00175062552440885,0.00976506778003051,1.76644736842105
"006-8",2020,0.000266189116132723,0.0501636352964302,0.00165336575133486,0.000536231884057971,0.00392281655225019,0.000218664187643021,0.00849163071700991,0.0032546121321968,0.0148369565217391,0.00925131535954996,0.909658657513349,0.000728679922025171,0.000502288329519451,0.016405415713196,2.40031464530892e-05,0.0385464340198322,0.000290870518688024,0.00137337909992372,0.0705329900839054,0.00234299250341724,6.41317166910756e-05,1.595823798627,0.000273828833394966,0.00202703089244851,0.00444773404,0.00208719488939741,0.00169274408848207,0.781263202687499,0.00504576466755912,0.0286970823798627,0.19924470751521,0.00330577803203661,0.000508192677822273,0.00015370756102212,0.000594870327993898,0.343123760488177,0.0355158276125095,0.000771665284134248,0.00344145833011442,0.00571128909229596,0.00560974446987033,0.02632317327,0.451434973302822,0.0038801568419222,0.0135392829900839,0.00218772158484363,0.002574071462,0.441108886346301,0.0973154032600001,0.0047366733409611,0.0472060855643555,0.02482488701373,0.00560974446987033,0.0249909420289855,0.0161451086986804,0.0023566337626087,0.0674366161265904,0.00245261250953471,0.0382606337254844,0.0469523938327918,0.00102001547345767,0.0146761286736842,0.0162480930587338,0.00163093559305873,0.00780651283676583,1.50839054157132
"009-10",2020,0.000165521281464531,0.0455612548785126,0.00210397597254005,0.00076806826849733,0.00257136727688787,0.000494888944508009,0.0103674237169184,0.00240952707891686,0.00674806959334477,0.0164421243325706,1.87356979405034,0.00718588403751335,0.00108786587528604,0.00823795051487415,9.10575896262396e-05,0.0389349733028223,0.00015743230358505,0.00321844373093059,0.0355968726163234,0.000659959777254004,5.84498145636919e-05,0.53923531655225,0.000328215402745614,0.00258729023646072,0.00498015727,0.00263634630053394,0.00190465293668955,0.746572314051487,0.00523689215238749,0.0181826849733028,0.282681880064714,0.00380229786422578,0.000564807669241038,0.000287943363844394,0.000530511060259344,0.234511794419588,0.000872187261632342,0.000481702376117468,0.0107688123250038,0.00452424856979405,0.00910156083938978,0.02612479223,0.102960526315789,0.00520391828361556,0.0232995614058352,0.00483198000004577,0.002892354354,0.26994699179868,0.0741582832699999,0.00493338148360031,0.032812652591434,0.0224429981884058,0.00897439978695652,0.0169384057971015,0.0165656118870053,0.00229877764382151,0.0496678494443478,0.00861079328756674,0.0400945624851182,0.0472859618593593,0.00118681121148208,0.0131061656151182,0.0107975781845919,0.00142271653318078,0.0104415562395652,1.56016399694889
"010-10",2020,0.00017115975877193,0.0428935840056522,0.00358295194508009,0.00148259916094584,0.0039466533180778,0.000502145308924485,0.0112470578769184,0.00222915808688787,0.00475400457665904,0.017364065697582,2.98326659038902,0.0106420741990313,0.00135414494183829,0.00475400457665904,2.54223874904653e-05,0.0586575133485889,0.000328175057208238,0.00430046887871854,0.0209196224256293,0.000503518545003814,7.99832738756675e-05,1.43630816170862,0.000353093994724943,0.00883104500381388,0.00507838999,0.00432446605644546,0.00309143783371472,1.15760807878397,0.00515694505848207,0.0146610411899313,0.232952126504027,0.00588148360030511,0.000790641592772693,0.000216458195423341,0.000400767543859649,0.230680873380931,0.00105029557589626,0.000542858648029748,0.00834042487929825,0.00416549056436308,0.00930178824086194,0.02838710627,0.350910564454615,0.00784760154850496,0.0349066523669336,0.00541812643000763,0.002903372236,0.354300152555301,0.03773321679,0.00462759534706331,0.0428978785302746,0.0205402116704805,0.00891863748980931,0.0177998665141114,0.0165138129369321,0.00330781847923722,0.0568113553572922,0.0185664569031274,0.0390343288875134,0.0401755480614035,0.0011431878894508,0.0175889287758352,0.0671243325705568,0.00121414959954233,0.0134663425565675,1.28084477498093
"011-11",2020,0.000208904552822273,0.0558150116383982,0.00194488939740656,0.000830615942028985,0.000745757055682685,0.000241204233409611,0.0140699622426468,0.00235040507896262,0.00614940884820748,0.0108599850335698,0.93640350877193,0.00716037760649123,0.000477980806636156,0.00551487414187643,3.18440122044241e-05,0.0301125095347063,0.000318230358504958,0.00109339244851259,0.0453537376048818,0.000540919410930587,5.0665162733791e-05,0.469684401220442,0.000285924810846453,0.012007055682685,0.00497301769,0.00267586765827612,0.00207065217391304,0.585223390517742,0.00532903793615561,0.0176439740655988,0.305865683568917,0.00374551868802441,0.000581347766018307,0.000135191395850496,0.000601449275362319,0.231560569212883,0.00116528413424867,0.000316704805491991,0.00649158825023647,0.00462339693244852,0.0096654304928833,0.02588949333,0.125491037376049,0.00551143641022884,0.0237803113068497,0.00492190899049581,0.002765222988,0.111274790236461,0.0737723681299999,0.00493748379099924,0.0380676702303433,0.0227165107742182,0.0101336441624485,0.0143964530892449,0.0166103749664485,0.00235234171297483,0.052444085621251,0.00547530511060259,0.039777719433852,0.0520667067261632,0.00110398073065065,0.0197619570013349,0.01815265064836,0.00170844927536232,0.0098456714640122,1.33919717772693
"012-11",2020,0.000136027445652174,0.055542242286003,0.00360092486651411,0.00144960907704043,0.00153933066361556,0.000280186880244088,0.00354646214763539,0.00209019642462243,0.0135655034324943,0.00618850114416476,0.933066361556064,0.000922807782482837,0.00093230358504958,0.0131497902364607,0.000248317124332571,0.0365107742181541,0.000334334477498093,0.0019486829900839,0.379123760488177,0.000445384400793288,6.63042815926774e-05,1.96495995423341,0.000232832070149657,0.197001334858886,0.00428267731,0.00278241800152555,0.00218082570556827,0.816102575318101,0.00367648691682685,0.0547244469870328,0.214305744279108,0.00415393783371472,0.000339528159801678,0.000258061594202899,0.000683686117467582,0.288038343818497,0.00865942028985507,0.000736213243707094,0.00297539820396644,0.0109982837528604,0.0159696796338673,0.02554897316,0.544145690312738,0.00467553394355454,0.00719488939740656,0.00279500946209764,0.002138702464,0.545003813882532,0.06482232293,0.00447444841723875,0.0356517043519909,0.0260760674103738,0.0169159992372235,0.051067887109077,0.0136970518619588,0.00228259770715484,0.0797225171487491,0.0110416666666667,0.0332005944827307,0.0476692932858657,0.000949468875242563,0.0120130844815256,0.0797673531655225,0.0015860350877193,0.0119499680847216,1.23841533180778
"013-11",2020,0.000140766547482838,0.0539465299253623,0.0025355644546148,0.00095976353928299,0.00151668573607933,0.000877955758962624,0.00414696657844394,0.00211076725858886,0.0153127383676583,0.0293301868802441,2.13954042715484,0.00116699838449275,0.000911184210526316,0.0153127383676583,0.000173464912280702,0.0520356598016781,0.000550751058352403,0.000867658276125095,0.277274027459954,0.00108158865976354,6.48811815362319e-05,4.0730358504958,0.000193420070632266,0.121911882627704,0.00419852299,0.00457503813882532,0.0027682112890923,1.72929328376996,0.00356814596949657,0.0309315408085431,0.222188986645599,0.0043038710907704,0.000239255453375286,0.000212290236460717,0.000804300152555301,0.342647978642075,0.0112981502669718,0.000380983028222731,0.00344299412454614,0.000492229214340198,0.00479357360793288,0.02473552355,1.12919527078566,0.00291648549218154,0.00588863463005339,0.00265559276001526,0.002217151516,1.09954233409611,0.07480048656,0.00510386060259344,0.0497698560464607,0.0264512299771167,0.00450266971777269,0.0947034706331045,0.0140254173831152,0.00254854405610984,0.0961587928955988,0.00676725781845919,0.0288975435405187,0.0493723935507704,0.00102327217136156,0.0185737180700305,0.0650696033562166,0.00168439788329519,0.0104717225129901,1.39406941266209
"015-13",2020,0.000216444279176201,0.0606060984083829,0.0014065122044241,0.000634534706331045,0.00213801487414188,0.000188176964149504,0.0149234596717162,0.00272879323728451,0.0038280415713196,0.0123804081331045,0.700562547673532,0.00711638131933638,0.000557232203470633,0.00770086718154081,6.17944317315027e-05,0.0387857551487414,5.55587337909992e-05,0.00137196650457666,0.0323212242562929,0.000761027534500381,2.40846681922197e-05,0.304614797864226,0.000308107095197407,0.0333911422583677,0.00484511962,0.00147158657513349,0.00197420861937452,0.55598757530244,0.00552220727135774,0.0212576277650648,0.345687196433982,0.00338911136536995,0.000555874308257056,4.86079328756674e-05,0.000543096872616323,0.25246867371331,0.000814359267734554,0.000458337909992372,0.00745750575920672,0.00451628718797865,0.00840917382177727,0.02361219404,0.117868039664378,0.00500343297133486,0.0184668883485889,0.00474510787695652,0.003671332068,0.126268115942029,0.09161538301,0.00490079138062548,0.0378311904489169,0.0222811417810832,0.00893660850101449,0.0229462242562929,0.0175629595506789,0.00231642447833715,0.0563915479541114,0.00638157894736842,0.0398628643626621,0.0574961857865141,0.00110702726065065,0.0214987874238139,0.0209086575133486,0.00180031636155606,0.00909617203897025,1.26091723874905
"016-13",2020,0.000214665737032799,0.0555911754422807,0.00180682684973303,0.000822177869946606,0.00211975591151793,0.000265846681922197,0.00656197492732265,0.00424497731355454,0.00787757437070938,0.00307093821510297,1.51449275362319,0.000837597963226544,0.0006078481168955,0.00860554919908467,0.000216485507246377,0.0251024980930587,0.000247480720823799,0.00121893073512586,0.0332961479786423,0.00265978050357742,5.61730080076278e-05,0.345261250953471,0.000337136381746224,0.0319472068080549,0.0042989583,0.00139535659801678,0.00155763729977117,0.741254233391297,0.00431707187408085,0.0122673531655225,0.295255255682037,0.00269136155606407,0.000494702563405797,4.36017353165523e-05,0.000478928299008391,0.250107889962563,0.00845143211540045,0.000670129054279176,0.0024244993120061,0.00412939960392067,0.00891357742160184,0.02297743431,0.108242753623188,0.00367218201875668,0.0133652088123951,0.00334451671921434,0.002092719692,0.096295766590389,0.10959288872,0.00492448464912281,0.0415205854759039,0.0255117434210526,0.00972211003247139,0.0137852784134249,0.0151831445344699,0.00231180157118231,0.0689244059816324,0.00300581617086194,0.0395823328224027,0.0546633714704043,0.00104102218683905,0.0164261522720824,0.00843058733790999,0.00191729576659039,0.00749345886257055,0.999141876430206
"017-13",2020,0.000178418030129672,0.0542987295914798,0.00214335430968726,0.00144064645308924,0.00069288710907704,0.00073522120518688,0.0070094905578032,0.00257065837563692,0.00384353546910755,0.0108935225678954,1.65641685736079,0.00282633271058734,0.000266943173150267,0.0022326468344775,0.000212766971777269,0.0461761060259344,0.000200100114416476,0.00111107932875667,0.0541428299008391,0.000891217875308924,5.50253746529367e-05,0.705091533180778,0.000274154703513349,0.0109939931350114,0.00452190592,0.0023512585812357,0.00220523455377574,0.824492496180038,0.00463541380113654,0.0309558543096873,0.286633467092662,0.00351253813882532,0.00049867588768116,0.00010848588863463,0.000931016399694889,0.301112948125126,0.00122654462242563,0.000506495471754386,0.00483255479627002,0.00525839054157132,0.00358800533943555,0.02586169249,0.149909420289855,0.00379015112637681,0.0106239135189016,0.00295036705440885,0.002188292258,0.167048054919908,0.06595615069,0.00511177536231884,0.037107172506804,0.0249516223302822,0.00363877765064836,0.0231407322654462,0.0167522709370206,0.00239194793424104,0.0621634615656141,0.00841104118993135,0.0398458186876506,0.0472489541867658,0.000903980952090008,0.0147178136930969,0.0180263157894737,0.00158394937070938,0.00964845508733791,1.07375095347063
"018-13",2020,0.000611205029557589,0.0638323450959573,0.00200047673531655,0.000752383676582761,0.0957189168573608,0.00572273073989321,0.0254204805491991,0.00341047223497025,0.0839864607170099,0.00469627192982456,15.1072654462243,0.00793907183250572,0.00746329138062548,0.0751382532418002,0.00167863272311213,0.0549580472921434,0.00841819221967963,0.00400939168573608,0.298455377574371,0.00115659703955759,0.000983552631578947,8.40198321891686,0.000961612625912814,0.00300395690312738,0.00563196788,0.00190269832189169,0.00184858886346301,14.0413786996851,0.00418361126187643,0.0624523264683448,0.0435806725789855,0.00405415713196034,0.00111155606407323,7.21920289855072e-05,0.00529033180778032,0.318908385778284,0.0909801678108314,0.00973874904652937,0.0337495232646834,0.00843773836765828,0.0225495804729214,0.01818388734,2.29924675819985,0.0136894546147979,0.0367086193745233,0.00894721231369184,0.00344682352,2.24156178489703,0.08413550105,0.0044306969870328,0.091407718321495,0.0155974299199085,0.0228442028985507,0.0724828375286041,0.0130591355212479,0.0027126597922807,0.0492030377882685,0.00602974828375286,0.0322885358771243,0.0613331638201144,0.00147494986589474,0.192901411136537,2.20976353928299,0.00252097578184592,0.00695357827637681,1.02550533943555
"019-14",2020,0.000218741447368421,0.0515444944847445,0.00145008581235698,0.000530368039664378,0.00175123951182304,0.000209992372234935,0.014036662852868,0.00449772090798627,0.00697804300152555,0.0126292260709458,0.863653699466056,0.00731812364546911,0.000646165689359268,0.00776427917620138,5.3604118993135e-05,0.0382556254767353,0.000260667238749046,0.00233445906273837,0.0216223302822273,0.00238062237524027,5.06511891556065e-05,0.170714149504195,0.000376389669223951,0.00701992753623188,0.0048685049,0.00129676773455378,0.00145614035087719,0.707722109057963,0.00544844725916095,0.00818506864988558,0.297730663541129,0.00285392829900839,0.000539205204042716,0.000106242089038902,0.000512061403508772,0.258398674669794,0.0011355358504958,0.000368025362318841,0.00696071245710908,0.00402666247643783,0.00858125715558353,0.02629134209,0.0721777269260107,0.00549708618932876,0.019349549010717,0.00578081247586575,0.003676051638,0.0827517162471396,0.09150153375,0.00497669956140351,0.0387391757580855,0.0219823526887872,0.00943923817302059,0.00942648741418764,0.0174520423119298,0.00219589721315027,0.0539601382543631,0.00241862128146453,0.0410528266930969,0.0532021400776583,0.00106272945072921,0.0155947444728833,0.00320633104500381,0.00171694107551487,0.00874951392176201,0.895118230358505
"020-14",2020,0.000206844303012967,0.0556216031729062,0.00135340389016018,0.000985840961098398,0.00441762013729977,0.000215498665141114,0.00991557122167048,0.00462769244740656,0.0145971586575133,0.0141866895499619,1.07794622425629,0.0029661589378032,0.0004156941266209,0.0106559877955759,0.000150042396071701,0.0459992372234935,0.000320151601830664,0.00178809115179252,0.064187643020595,0.00126069536761251,7.21297151739131e-05,1.2901411136537,0.000406881356593288,0.00139802631578947,0.00456356068,0.00116914569031274,0.00555253623188406,2.13485339721791,0.00437650790285278,0.0183290427154844,0.23433549037685,0.00190474828375286,0.000487050942982456,0.000135331583714722,0.000270318459191457,0.320729023646072,0.00123941647597254,0.000216905034324943,0.00617934667189169,0.00228580282227307,0.00602450419527079,0.02557398272,0.362504767353166,0.00342851687919909,0.00526363463005339,0.00552583867291381,0.002318686948,0.358681350114416,0.09690280579,0.0048661780129672,0.0419226306503967,0.0248384310640732,0.00602450419527079,0.0107170099160946,0.0170326230007399,0.00236864557588863,0.0635486646593822,0.00458824370709382,0.0404184912657666,0.0538957074855378,0.000895539903531655,0.0129904676795423,0.0230124904652937,0.00171958662280702,0.00863577388335621,0.947940503432494
"021-14",2020,0.000246089221014493,0.0576720136318383,0.00082827993897788,0.000489607170099161,0.00297501906941266,0.000465102974828375,0.015980729209344,0.00442551825103738,0.00442310259344012,0.0955399701700617,0.276878337147216,0.000736654748512585,0.000563310669336385,0.00970370280000763,5.60116323417239e-05,0.0363381960335622,0.000809973302822273,0.00141035950133486,0.0148927345537757,0.00250677682334859,7.22539050961099e-05,0.234205758962624,0.000394759661641343,0.0534382637275133,0.004576146,0.00105039092295957,0.10004290617849,2.71128109458756,0.00531781082051869,0.0060812356979405,0.313079587777658,0.00137704996186117,0.000456288449656751,0.000180185684187643,0.000400986842105263,0.234487848008566,0.0019584763539283,0.000489138539633867,0.00363042309575133,0.00382998436327994,0.00928723399369947,0.02618958533,0.0673197940503432,0.00554291904908467,0.0207945761872464,0.00545233325707857,0.002590809362,0.0499046529366896,0.09165686961,0.00508111317696415,0.0459721586901678,0.023750246948894,0.0118051539908009,0.00657608695652174,0.0160301125092372,0.00245333475150267,0.138926560830892,0.00276315789473684,0.0414085746995271,0.0542608451218688,0.00103046426638368,0.0166265072025324,0.0527030892448513,0.00159207160564455,0.0122080288417163,0.802488558352403
"023-14",2020,0.000178831755339436,0.0692772700152708,0.00241738176964149,0.0013179347826087,0.00201168001525553,0.000701229977116705,0.00610161493834477,0.00400558815572845,0.0131016399694889,0.0151585160054538,1.79343058733791,0.000864736497971014,0.000375924866514111,0.0109496567505721,0.000195237414187643,0.0404395499618612,0.000379247711670481,0.000752431350114416,0.121143211289092,0.000750479427139588,6.15817151899314e-05,2.32360793287567,0.000311225875466133,0.229155759440038,0.00440761195,0.00314921815408085,0.00199275362318841,0.857486533176744,0.00432091959553013,0.022983409610984,0.238389496809962,0.00263200800915332,0.000376085792334096,0.000154035672829901,0.000681636155606407,0.335725233601762,0.00450471967963387,0.000553394355453852,0.00381488513887109,0.00223507818459191,0.00582951945080092,0.02258659619,0.631483600305111,0.00281749761478261,0.00742086193745233,0.002726976083791,0.002294820512,0.631483600305111,0.06512409878,0.00496201659038902,0.0383971062304119,0.0263635440503433,0.00582951945080092,0.0282966247139588,0.0159712254552891,0.00250114368784134,0.0832251120161557,0.0074570938215103,0.0304519717890084,0.0625894700781465,0.000869331071617086,0.0217263649009916,0.0402784134248665,0.00192631393020595,0.00932439987188406,0.77645881006865
"024-14",2020,0.000175402564836003,0.0360009574998093,0.00288930205949657,0.0010105358504958,0.0065145881006865,6.66380625476735e-05,0.00522084487038902,0.00373412919761251,0.0166175629290618,0.00923007246376812,1.33891113653699,0.00098435217836003,0.00256049771167048,0.0166175629290618,0.000282657057803204,0.0361513157894737,0.000579614797864226,0.00416018306636156,0.144088482074752,0.000421631555095347,6.68558025041953e-05,2.50128718535469,0.000294602432658124,0.0277869946605645,0.00427581374,0.00195518688024409,0.00216266209000763,1.00811549770018,0.00375961192511823,0.151921243325706,0.0720848607782151,0.00291528413424867,0.000272712017543859,0.0001845823798627,0.00103494469870328,0.211932642062182,0.0101539855072464,0.000847397025171625,0.0171314800044623,0.0122616323417239,0.0160326086956522,0.02641069799,0.759534706331045,0.00538758581235698,0.00938739511823036,0.0023977492221434,0.002176295404,0.734887490465294,0.09647411563,0.00415258724256293,0.0473036303696339,0.025012442791762,0.0140241228070175,0.0935068649885584,0.0130794732073745,0.00212660323408848,0.0840266275705416,0.00916666666666667,0.0338569984662166,0.032707639848116,0.000962951636947369,0.00576992753623188,0.0761203279938978,0.00183269651029748,0.0134472483229748,0.591819221967963
"026-15",2020,0.00030834015064836,0.0607968768160183,0.00211699084668192,0.000677536231884058,0.0036423531655225,1.9758295194508e-05,0.0143419755890313,0.00478398298183066,0.00539855072463768,0.00946414950419527,0.970633104500381,0.00142772536506865,0.000256078375286041,0.004276411136537,1.29533752860412e-05,0.0368645118230359,0.00028956468344775,0.00226868802440885,0.0338648932112891,0.000767678836399694,6.46151927185355e-05,0.710812356979405,0.000362354668526774,0.0135454805491991,0.00466566784,0.00142129099923722,0.00322130053394355,2.19281377000114,0.005780944881701,0.0455167810831426,0.267446010445454,0.0025894355453852,0.00052404050390923,7.64921815408085e-05,0.000299108504958047,0.337167405604218,0.00294646262395118,0.000710621662852784,0.0165514181594127,0.00131435926773455,0.0011459763539283,0.02433452386,0.198340961098398,0.0039005887686804,0.00616561784897025,0.00479486149093059,0.003452662654,0.197301678108314,0.09341350002,0.00541233695652174,0.0485845371186194,0.0239628971205187,0.00631876477879481,0.0251973684210526,0.0166632067633516,0.00233672718316552,0.0948437590532037,0.00811212814645309,0.0386791224804806,0.0535485539312281,0.00107112504628528,0.0156987094801068,0.0152726926010679,0.00187318149313501,0.00998575004616323,0.619660564454615
"027-15",2020,0.000185800290808543,0.0364490343176812,0.00600400457665904,0.00142172006102212,0.00601830663615561,0.00166962242562929,0.0122201563691838,0.00245475530067887,0.0150843821510297,0.0164299698435628,1.24523264683448,0.00091256100375286,0.00234782608695652,0.0150843821510297,0.000140203089244851,0.0347621090770404,0.000180182112890923,0.00517686880244088,0.17066647597254,0.00025658484180778,1.57422768878719e-05,1.02069031273837,0.000272220667153394,0.08109842009627,0.00447878902,0.00283967391304348,0.00386684782608696,0.416155518682608,0.00399544954808543,0.0712623951182304,0.0786516098497254,0.00472425629290618,0.000381712433257056,0.000277173913043478,0.000875858123569794,0.190302593423989,0.00475676964149504,0.0012272120518688,0.00903318077803204,0.00291037376048818,0.00787709763539283,0.02479777185,0.271271929824561,0.00277922387490465,0.0218039664378337,0.0025980135119222,0.002196718824,0.285364225781846,0.0690634045099999,0.00490124856979405,0.0304238463293593,0.0266964902745996,0.00825800915331808,0.0659372616323417,0.0159076241715515,0.00229193362543097,0.0615924804506942,0.00721777269260107,0.0454171578440427,0.0317602654171091,0.000977639288682685,0.0109236820752555,0.0309820747520976,0.00157962571510297,0.0117512543282227,0.372745041952708
"028-15",2020,0.000215188110221205,0.0531774907578261,0.00250252669717773,0.000787566742944317,0.00277070214470252,0.000253942601067887,0.00669091862488177,0.0040301833998627,0.00761966056445461,0.00378217963386728,0.678155987795576,0.000700430992482837,0.00305120137299771,0.00773646071700992,0.000153570747520976,0.0342934782608696,0.000373131197559115,0.00106617086193745,0.10634534706331,0.000855161127772692,5.98734393485889e-05,0.765350877192982,0.000314353065674447,0.0714769260106789,0.00421497091,0.00173669908466819,0.00288424866514111,0.858207089982517,0.00413010295567506,0.0398593630816171,0.150137918028619,0.00279171434019832,0.000354745755625477,0.000152798436308162,0.000634391685736079,0.221162428485843,0.00757580091533181,0.000797053775743707,2.16299580472921e-05,0.00479595728451564,0.0155453852021358,0.02387258113,0.228256102212052,0.00781941266209001,0.0273021548436308,0.00230802002024409,0.002158112948,0.228256102212052,0.0961465215000001,0.00469087051868803,0.0420294551271396,0.0264384959000763,0.0170671243325706,0.0410969679633867,0.0157059689450603,0.00235209571089245,0.0791444727199314,0.00647358886346301,0.0382724582035927,0.0490379742699161,0.00102666065285507,0.0165517734553776,0.069817887109077,0.00187247597254004,0.0112280469530816,0.405115369946606
"030-4",2020,3.60526315789474e-05,0.155086765827613,0.00131059305873379,0.00268902555301297,0.00121677154843631,0.00162790808543097,0.0112654288361098,0.00126992753623188,0.0665903890160183,0.257508581235698,4.80303999333769,0.00204032239065217,0.00947654462242563,0.0692315026697178,0.000607122425629291,0.0881960335621663,0.000342863272311213,0.00658419145690313,1.95428432493872,0.00198119437549199,0.000203119677546148,12.3812929061785,0.000300011821035927,1.30506292906179,0.00458512914,0.0112843249427918,0.00412948131197559,3.70923913043478,0.00273891402166285,0.266987131435927,0.0882941950076888,0.00976592295957284,0.000330282227307399,0.000465277746720061,0.00163224637681159,0.591342486651411,0.0677155968663539,0.000982360793287567,0.00140794241037376,0.00515462795636156,0.00324828375286041,0.01806673348,2.84887490465294,0.00490893590456903,0.00869231502669718,0.00326872793399695,0.002219940646,2.6651411136537,0.02020333006,0.00433299961861175,0.127302631578947,0.0222826539855073,0.00346553203661327,0.380952707872715,0.0205491990846682,0.0039881769641495,0.261875476735317,0.0333094965675057,0.0128279938977879,0.155086765827613,0.000896719680797102,0.0277083333333333,0.962814645308924,0.00320184973302822,0.0150510106788711,0.0465627383676583
"031-4",2020,6.84019832189169e-05,0.0369722540045767,0.000893640350877193,0.00313591723874905,0.00103432494279176,0.000185478642257818,0.0198079124929977,0.000910898169336384,0.0130163043478261,0.00544860793287567,2.42602555400754,0.000433013920671243,0.00238486842105263,0.0135974446987033,0.000139845537757437,0.0813167429443173,0.000757954773302822,0.0074780701754386,0.468788662990763,0.000735648482929062,0.000160588258162471,3.2961003051106,0.000437251087046072,0.259639588100686,0.00486406358,0.0066523646071701,0.00703709000762776,1.11436880244088,0.00285596393804729,0.112502838768116,0.140346381779954,0.0104161899313501,5.2336003051106e-05,0.00026462618460717,0.00439878909229596,0.177865179252479,0.0023877765064836,0.000590484363081617,0.00702551816279939,0.00483459420746758,0.00997392542978643,0.02449078671,0.705329900839054,0.00538660273639207,0.0448148512706255,0.00460186361665904,0.00259958921,0.736746758199847,0.01887647445,0.0051806826849733,0.0376887871853547,0.0241319994279176,0.00868271596903891,0.103840980178879,0.0143635583524027,0.00402579138062548,0.0865353999869565,0.0195757055682685,0.00273507818459191,0.0367763157894737,0.00104803043250191,0.0200089531066362,0.421395881006865,0.00131974637681159,0.0111155902995957,0.0399189549961861
"032-3",2020,0.000115665522501907,0.0456130816170862,0.000917477116704806,0.00342958619374523,0.00115727498093059,0.00346176582761251,0.0195559272226087,0.00244326849733028,0.0451734551668574,0.0110116323417239,3.65298714719338,0.00520309723279557,0.00572368421052632,0.0442806064073227,0.00185435736079329,0.0117286422578185,0.00112091727643021,0.00507627765064836,0.983914750220076,0.000819646821327231,0.000212548793207475,4.91752479023646,0.000511783102471396,0.112695461479786,0.00520542041,0.00968487795575896,0.00104033180778032,5.2965293668955,0.00238591677321892,0.138683682446606,0.0503315164046835,0.0100328947368421,4.53747139588101e-05,0.000196572068428681,0.0110726544622426,0.300762776506484,0.0200634057971015,0.000927250190694127,0.00262109077040427,0.00439260011225782,0.0106778942742029,0.01854572092,1.08690884820748,0.00590112316855835,0.0440560068503509,0.00351340645468345,0.00265546002,1.09701563691838,0.01850566769,0.00396319603356217,0.0395552059496568,0.0201882046147979,0.00879807063758963,0.183701492169138,0.0157327421815408,0.00422282608695652,0.0467772673375744,0.0293897787948131,0.00643926392067124,0.0449795003813883,0.00096979828057971,0.0386899313501144,2.08767162471396,0.0025656941266209,0.00658500749900839,0.0533371472158658
"033-6",2020,7.0337528604119e-05,0.0538710907704043,0.00162028032036613,0.00412328375286041,0.00439040709128147,0.00138772883295195,0.00507656022909992,0.00121548436308162,0.0408724256292906,0.103675629290618,3.15799887493954,0.001792232027746,0.00512204424103738,0.0355000953470633,0.000537233028222731,0.0971109839816934,0.000915022886086956,0.00915999237223493,0.876002403239672,0.00252323788283753,0.000128557533213577,4.9251525553013,0.000184333055062319,0.839435545385202,0.00464662939,0.00194922768878719,0.0015465293668955,3.97215865751335,0.00213144069901602,0.128683587099542,0.0699501761569032,0.00990179252479024,0.000165455758962624,0.000264463473135011,0.000361341533180778,0.525648360030511,0.00524027459954233,0.00103565980167811,0.00266604691075515,0.000684734935163997,0.00501197941125095,0.02289207574,1.10144927536232,0.00144789282990084,0.00814645308924485,0.00283882406627765,0.001872540338,1.07894736842105,0.03863769328,0.00728117848970252,0.0923150266971777,0.0270705372807018,0.00515686165128909,0.169777159594233,0.0130692219679634,0.00421062166285278,0.0800152555301297,0.0296553203661327,0.00596014492753623,0.053713768115942,0.000770570933989321,0.0605644546147979,2.23383867276888,0.0015752765064836,0.00549914187643021,0.0808018688024409
"035-6",2020,3.07174866514111e-05,0.0508051333953928,6.6304347826087e-05,0.00315727498093059,0.00343302741201373,0.000300839054157132,0.0104748053857818,0.00227876054887872,0.0100972540045767,0.0205553966437834,1.57871592581561,0.00206176477781846,0.000831474065598779,0.00721681922196796,9.64483218916857e-05,0.129824561403509,0.000483593186064073,0.00443130244088482,0.415480478208596,0.00251001119694126,8.87648747841342e-05,9.09324942791762,0.000213064281085584,0.0885741304407476,0.00458612839,0.00304419336384439,0.00159644355453852,0.59854118993135,0.00307554586263921,0.145756614511823,0.438573408339657,0.00356521739130435,6.73054919908467e-05,0.000143441672618612,0.000172130053394355,0.195656941266209,0.0263663234172387,0.000669670099160946,0.00155134439359268,0.00287057513348589,0.00588158180768116,0.02520746432,0.91733409610984,0.0028307112890923,0.017709763539283,0.00238337146823036,0.002318124958,0.948655606407323,0.0469845341,0.00228089244851259,0.00599256292906178,0.0251389964721587,0.00188973112128146,0.141901311018284,0.0110817124332571,0.00129309687261632,0.0145447177726926,0.00348793859649123,0.0301706628022044,0.0445445599190542,0.000808047436852021,0.00502479023646072,0.581950800915332,0.00147078451563692,0.000645976353928299,0.0371257627765065
"036-5",2020,9.43220823798627e-05,0.108967391304348,0.00100400457665904,0.00487509534706331,0.00261918382913806,0.000176535087719298,0.0200734823744088,0.00205337909623188,0.0338651600777079,0.00541952707856598,2.52214668194548,0.00127846109839817,0.00288691838291381,0.030283180778032,0.000391881197559115,0.0216938405797101,1.30916285278413e-05,0.00327731693363844,0.557861837304607,0.00229769761020595,0.000128296837829138,3.91561784897025,0.000352467063473989,0.863367658276125,0.00500141913,0.00602879481311976,0.00221553203661327,2.2330758962624,0.0024367600936537,0.0804474985221206,0.0828327612509535,0.00764731121281465,0.000170218344774981,0.000159313752623951,0.00380115369946606,0.585287948131198,0.00524313501144165,0.000978067440907704,0.0121352974828375,0.00327675486025172,0.00343411517925248,0.02349882778,0.823750953470633,0.00103437261632342,0.0143797673531655,0.00342337432845156,0.002676592834,0.969536613272311,0.03419279464,0.0046629004576659,0.0417796529366896,0.0251463920671243,0.0035693173150267,0.0964976687581541,0.018572177726926,0.00392477116704805,0.0594613229216171,0.0260464340198322,0.00925724637681159,0.108414378337147,0.00104575478037757,0.0193363844393593,1.48407704042715,0.00159277269260107,0.00762422674597254,0.0522120518688024
"043-23",2020,0.000314249618611747,0.0181655225019069,0.00155463386727689,0.00357041380625477,0.00641120132990084,0.000236136536994661,0.0243700966883829,0.00236952593652174,0.0331617086193745,0.0137986270022883,3.4514858314442,0.00035045766590389,0.00727069031273837,0.032126239511823,0.000307008009153318,0.00919002669717773,0.000793466283775744,0.00340179252479024,0.880977258814752,0.000588047123905416,0.00023184717551106,5.42715484363082,0.000493510155996949,0.079343058733791,0.00477250613,0.0083156941266209,0.00163586956521739,2.63834858886346,0.00233088910450801,0.102610855263158,0.0395613578174066,0.00816409229595728,0.000278165522501907,7.97864225781846e-05,0.0049051296720061,0.261870709382151,0.0345504385964912,0.00132526298586575,0.00774045721003051,0.00581100476858886,0.00891254386486652,0.0181447074,1.3316647597254,0.00489559494339436,0.0248839035067429,0.0035596166681312,0.002588470606,1.26926010678871,0.04668572216,0.00458581235697941,0.0959143783371472,0.0253760688405797,0.00109344012204424,0.149686846889619,0.0132904271548436,0.00201449275362319,0.0617751687619527,0.0333814836003051,0.00311536994660564,0.0179176201372998,0.000960388109919908,0.00146281464530892,0.749141876430206,0.00271109839816934,0.00631161960189931,0.0390841914569031
"044-23",2020,0.000456812547673532,0.00193039664378337,0.0012262585812357,0.00367982456140351,0.00335292715484363,0.00569555682684973,0.0356264230721282,0.00648884439359268,0.157520857170099,0.0534992372234935,7.21875271751353,0.00043302822273074,0.0254524218154081,0.220351830663616,0.00174380244088482,0.0275152555301297,0.000196867848970252,0.0026893115942029,3.51163967915623,0.00129841765294432,0.000487696073562929,16.8683257055683,0.000972005434553012,0.00320790427154844,0.00827793907000001,0.00553489702517162,0.000538329519450801,18.0425247902365,0.00184911327231121,0.359125848588864,0.0480524082467658,0.00748617467581998,0.000610173531655225,0.000680825705568268,0.00461045957284516,0.186236651411137,0.00156035469107551,0.0248660373760488,0.00646882151029748,0.00765684591914569,0.00712480930587338,0.02637974448,3.75381388253242,0.0116795385202136,0.0704757818459191,0.00857140153710145,0.005589260978,3.61203279938978,0.03495364278,0.00292682112890923,0.0721729595728452,0.0164668025362319,0.00752669717772693,0.532408996039787,0.0146267162471396,0.00217829900839054,0.0440746567505721,0.022997234935164,0.0312492373533791,0.00184892257818459,0.00109294590839817,0.0071515064836003,2.28546910755149,0.0055620709382151,0.00185063882532418,0.0474666285278413
"045-23",2020,0.000175185926773455,0.0173026315789474,0.000622711670480549,0.00262261632341724,0.00284539473684211,0.00138434401220442,0.0159099503974447,0.00227076886105721,0.127366523646072,0.131149885583524,6.72274823614173,0.00342734553775744,0.00823798627002288,0.112265174474668,0.000663710907704043,0.0341618993135011,0.00155320366132723,0.00200648360030511,3.0854636913624,0.00440078648025172,0.000185759785344012,29.4450800915332,0.000344533852707933,0.234015064836003,0.0057366633,0.00967629672006102,0.000873474446987033,2.74165713196034,0.00331979405034325,0.333475638825324,0.0723951387995194,0.00714197177726926,0.00226325324180015,0.00296777269260107,0.00145614035087719,1.55863844393593,0.112571510297483,0.000812976735316552,0.00182274980930587,0.010894355453852,0.031240465293669,0.03080555691,5.87766971777269,0.0143168382913806,0.176716247139588,0.00453126876414951,0.003517543396,5.95156369183829,0.05274952603,0.00442124332570557,0.0507532418001526,0.0126676001144165,0.0307160564454615,0.729364039907079,0.0119779748283753,0.00425386155606407,0.0968535469107552,0.0239816933638444,0.00203785278413425,0.0171090770404272,0.00204146890495805,0.0195218344774981,1.14149504195271,0.000669098016781083,0.00532608695652174,0.0344050343249428
"046-24",2020,0.00025976353928299,0.010858123569794,0.00148631769641495,0.00430105835240275,0.00279877002288329,0.00307174866514111,0.0342181247522044,0.00399098970251716,0.108818053966438,0.0429714912280702,6.12336688123828,0.0130202229663921,0.00934258199847445,0.0897692601067887,0.00091323417238749,0.0183094965675057,0.00122467503938978,0.00480215484363082,2.29240655986362,0.00176061508777269,0.000352284628781846,8.77002288329519,0.000570807495315027,0.0296519832189169,0.00585173573,0.00808066361556064,0.00155444317315027,8.81864988558352,0.00281884584813883,0.266212600114416,0.0504984327273608,0.0102712623951182,0.000744994279176201,0.000366504576659039,0.00668287566742944,0.342601067887109,0.0151701945080092,0.00161150839054157,0.000964149504195271,0.00237194889397407,0.00400514874141876,0.02189544673,1.83013920671243,0.00128484935163997,0.00540427154843631,0.00443574474980931,0.004151763738,1.84630053394355,0.02048372243,0.00438062547673532,0.142448512585812,0.0160467162471396,0.00399914187643021,0.452522053801793,0.0208810068649886,0.00462643020594966,0.0176926010678871,0.0325019069412662,0.000852879481311976,0.0105963958810069,0.000924736862456141,0.00267882341723875,3.19674866514111,0.00343688024408848,0.00105286994660564,0.0338534515636918
"047-24",2020,8.20127765064836e-05,0.00329457475209764,0.000429691075514874,0.00268006292906178,0.00480759088423341,0.00158819606847445,0.00564842218133486,0.00103313310450038,0.0279118993135011,0.00674437452326468,2.38628280509641,0.00025301296720061,0.00333609839816934,0.0279118993135011,0.000461022120518688,0.16487414187643,0.000657104996994661,0.00379490846681922,0.656466600434912,0.000663609488527841,9.98824618550724e-05,4.26601830663616,0.000197282193436842,0.0111274790236461,0.00403991082,0.00455644546147979,0.00134596681922197,2.54672006102212,0.00196203136413425,0.14494555682685,0.0613092096734554,0.00862271167048055,0.000261565598779558,0.000230105835240275,0.000297449466056445,0.397172959572845,0.00933543096872616,0.000766590389016018,0.00528079710144928,0.00132766018306636,0.00656337625217391,0.02781497859,0.909706331045004,0.00263892067124333,0.00667858504958047,0.00356313452015255,0.001794593534,0.876906941266209,0.02123087541,0.00350371853546911,0.0435020976353928,0.0255542572463768,0.00178003432494279,0.181235235496209,0.00945461479786423,0.00529795957284516,0.0361688243749809,0.0158843440122044,0.0161035183250496,0.00328094012204424,0.00106626391254767,0.00477784134248665,0.925867658276125,0.000753432494279176,0.00797144601971777,0.0304090389016018
"048-24",2020,4.60030511060259e-05,0.00197087147215866,0.000933638443935927,0.00291862128146453,0.00833538502089245,0.0132670671243326,0.00801540692837528,0.00515303203661327,0.031231884057971,0.00817934782608696,3.74298145979481,0.0014886621895614,0.000671386346300534,0.0314754958047292,0.00273159801678108,0.00715627383676583,0.00132545620450038,0.00093850114416476,1.22542333535091,0.00136345801639969,0.000179645033432494,6.84448893974066,0.000270401993202899,0.00650934401220442,0.00496567692,0.00632580091533181,0.000934544241037376,15.711289092296,0.00168564073226545,0.165716585621663,0.189286010608581,0.00692601067887109,6.186117467582e-05,0.000237667965028985,0.00106183257055683,0.757866132723112,0.0129481311975591,0.00113853928299008,0.00106626620900076,0.00446987528112128,0.0104306765056751,0.01915695034,1.58109267734554,0.00556308155643021,0.0424254362100534,0.00485677392759726,0.002124185464,1.50910564454615,0.03277081617,0.00678299008390542,0.0465594012204424,0.0271354881769642,0.0111879657639588,0.256479724477681,0.00978785278413425,0.00378718535469108,0.0455905935308238,0.0261489321128909,0.0170892183078642,0.00198317124332571,0.000982882359092296,0.0289802631578947,3.15250762776506,0.00269765446224256,0.00686305432530893,0.0182313119755912
"051-25",2020,0.000442962623951182,0.037923540231434,0.00423155034324943,0.000943077803203661,0.00650839054157132,0.000785421434019832,0.0344617207298856,0.00439169395312738,0.0544622425629291,0.0472549580472921,3.39821700991609,0.0167590462410526,0.0108600305110603,0.0519641495041953,0.000160731311975591,0.0383919717772693,0.000511632341723875,0.017066647597254,0.0998188405797101,0.00137535060570557,0.000260802822273074,5.31607551487414,0.000848420766712509,0.172411327231121,0.00600069783,0.00198031083142639,0.00390093440122044,6.34846398275717,0.00427757579525553,0.101987986270023,0.0376618801613425,0.00266533180778032,0.00643592677345538,0.000515541571319603,0.00292052822273074,0.222091757236873,0.0993404503753852,0.00273855835240275,0.049548100182746,0.0144145690312738,0.0473851067887109,0.02506706813,1.51725781845919,0.0183614607170099,0.0956998474446987,0.00964666480039664,0.006176048656,1.50634057971015,0.09596866458,0.00457154462242563,0.0631238725207399,0.0151883586003051,0.047190122044241,0.134162852784134,0.0141162830882624,0.00246038100700992,0.0911010812478261,0.0129080854309687,0.0193473774387796,0.0353302203203204,0.00101637180560336,0.0472354118993135,0.212852784134249,0.00169602955758963,0.0109581534207628,0.412867086193745
"1-1 CBC",2022,0.00044712528604119,0.0244007437070938,0.00212290236460717,0.0019908466819222,0.0534992372234935,0.00153608886346301,0.0178108900837757,0.000525505339435545,0.137618745232647,0.181002097635393,7.2911042621452,0.00281478832951945,0.0123779557589626,0.218883485888635,0.00024936117467582,0.00359544241037376,0.00164206712433257,0.00539187643020595,2.7535092434294,0.00229288606025935,0.000238709569273074,13.9163806254767,0.000415833209791076,0.0784563310450038,0.0054818454,0.00779033180778032,0.00312066170861937,9.57141495041953,0.00529986651411137,0.399313872997712,0.0615377881884668,0.00621138443935927,0.00100314645308924,0.000662423722349352,0.000635774218154081,0.883247520976354,0.431969870327994,0.000493373379099924,0.0114955186880244,0.0206764874141876,0.0491990846681922,0.03304165329,3.04509916094584,0.0334467963386728,0.259882723112128,0.00183810068649886,0.003674795504,3.16914569031274,0.06611846753,0.00360802822273074,0.148708047292143,0.0149969450800915,0.0477212051868802,0.675433743380732,0.0095337528604119,0.00143649885583524,0.112633485888635,0.00242958619374523,0.0306216628527841,0.0243516399694889,0.000775489664483601,0.00330577803203661,1.969441266209,0.000355496758199847,0.00635297482837529,0.0492038520213577
"1-12 CBC",2022,0.000307241609458429,0.0144517543859649,0.000222797482837529,0.00623379099923722,0.00672673531655225,0.00728785278413425,0.0567557180283219,0.0149976163234172,0.103661327231121,0.0626811594202899,6.81258042050638,0.00843392448512586,0.0061870709382151,0.102927154843631,0.0030419527078566,0.0480167810831426,0.00049251525553013,0.00506674294431732,2.03524958189945,0.00176859128372235,0.000504164925313501,7.92191075514874,0.00097905130638749,0.0529462242562929,0.00682547425,0.00584525171624714,0.0015273646071701,37.5028604118993,0.00409224828375286,0.283206192791762,0.135449465652548,0.00632437070938215,7.58295194508009e-05,5.96062166285278e-05,0.00523836765827613,0.161370137299771,0.211575133485889,0.0195232646834477,0.00407236842105263,0.000377431350114416,0.0121467391304348,0.01704821751,1.70094393592677,0.0297530511060259,0.0229467009916095,0.00829062566795576,0.004124157846,1.70094393592677,0.0519158117,0.00810879099923722,0.0629004576659039,0.0177781292906179,0.0124036994660564,0.48703447751939,0.00952660183066362,0.00190164950419527,0.03813882532418,0.0138627637002212,0.0206598016781083,0.0143821510297483,0.000802166301342486,0.150009534706331,11.59706331045,0.00387261632341724,0.00205921052631579,0.0871996567505721
"1-13 CBC",2022,0.000552774599542334,0.0309340153791304,0.00184191456903127,0.00300100114416476,0.00741037376048818,0.00194474637681159,0.00597787137909992,0.00261870709382151,0.0154304919908467,0.162323607932876,5.31185999811939,0.000141804919908467,0.0108199847444699,0.0154304919908467,0.00029087528604119,0.0176511250953471,0.00077865179252479,0.00805444317315027,1.67389862743419,0.00231221533154844,0.000208181638479024,8.96214721586575,0.000522917983043097,0.158588789566171,0.00341765348,0.00921195652173913,0.00185478642257818,10.0877192982456,0.00253580282227307,0.311174075133486,0.0361264662442258,0.00594822654462243,0.000198388634630053,0.000397215865751335,0.000677583905415713,0.161942219679634,0.516209000762777,0.00215470061022121,0.0190975400457666,0.00768211289092296,0.024379290617849,0.02563695267,2.15517734553776,0.0116733409610984,0.0534420289855072,0.00260084353079329,0.001956691084,2.02269260106789,0.04655055614,0.00330682684973303,0.0886441647597254,0.0195248426773455,0.0240145881006865,0.43499596686405,0.00737175819984744,0.00222602021357742,0.098542877571907,0.00407279748283753,0.0123689293852021,0.0327762376059191,0.00086063869004119,0.00748951182303585,2.02593440122044,0.00163877765064836,0.0038545858039817,0.0589101830663616
"1-15 CBC",2022,0.000150676964149504,0.0391662810865446,0.000561260488176964,0.00636393974065599,0.00408781246102593,0.00021906941266209,0.00661330579978642,0.000750286041189931,0.0251573226544622,0.0158705186880244,3.02734489511578,0.00199149734284134,0.00527412280701754,0.0256035469107551,0.000269593821510297,0.00851020213577422,0.00102301346292143,0.0054343058733791,0.791100708912312,0.00281357879705568,0.000138922289769642,5.03146453089245,0.000245131144609306,0.170578495433707,0.00380325838,0.00412323607932876,0.0017094298245614,3.27488558352403,0.00180143974065599,0.131440885917239,0.0781269477064912,0.00741371090770404,0.000214421243325706,0.00013061117467582,0.000519879862700229,0.196605644546148,0.151311022120519,0.000521739130434783,0.00438634630053394,0.000447406559877956,0.00683119709339436,0.0190760632,1.16390160183066,0.00369255242932876,0.0034133295194508,0.00227847231851259,0.002132132124,1.29729214340198,0.03267605133,0.0039233409610984,0.142467581998474,0.0254494612890923,0.00181745804729214,0.184643869175538,0.00768258962623951,0.00315794241037376,0.0786439216160793,0.00293702326468345,0.0121610060539207,0.0341605423132418,0.00084029389357971,0.00178608886346301,0.965532036613272,0.00236055491990847,0.00827942386633867,0.0536756292906179
"1-17 CBC",2022,0.000716247139588101,0.0416328184591915,0.000862890922959573,0.00427431350114416,0.0134143783371472,0.00204161899313501,0.0131914008666362,0.00127579138062548,0.32262585812357,0.560593058733791,7.28085240280861,0.00403999091924866,0.0427631578947368,0.320680778032037,0.000207241609458429,0.0150839054157132,0.00246314836003051,0.00365393783371472,3.11886524550058,0.000955102496933638,0.000297675108163997,8.44393592677346,0.000417124318121434,0.0830663615560641,0.00796032941000001,0.00485554919908467,0.00106264302059497,11.7705949656751,0.00300634057971015,0.385855021119374,0.0328652715938901,0.00606264302059497,0.00132937643020595,0.000487366514111365,0.00157241609458429,0.357575324180015,0.566981311975591,0.0015675057208238,0.00640493897787948,0.00998188405797102,0.0308247520976354,0.02377025842,1.88668001525553,0.0204276315789474,0.062080472921434,0.00732933766855835,0.00389158559,1.99475591151793,0.07142321245,0.00342663043478261,0.166166094584287,0.0142598641304348,0.0303160755148741,0.61631349166254,0.013548817696415,0.00166995614035088,0.565360411899314,0.0092318952140122,0.0048093058733791,0.0410869565217391,0.00128161235715332,0.0071615179252479,6.50219298245614,0.0035602593440122,0.0343559305873379,0.0713672768878719
"1-18 CBC",2022,0.000406540808543097,0.0316647597254005,0.00216661899313501,0.00678299008390542,0.0140164950419527,0.00316113653699466,0.0149559204976659,0.000976496948893974,0.0730596872616323,0.0308214149504195,6.73735550152034,0.0113196188980015,0.0106084329710145,0.0734220061022121,0.000516065980167811,0.00324856979405034,0.00144407894736842,0.0178341914569031,2.72533019167269,0.00530402673486651,0.000229396067910755,30.2059496567506,0.000464164215273074,0.103384820747521,0.00426191452,0.00528413424866514,0.00424561403508772,11.2685926773455,0.00291404462242563,0.316463710907704,0.0997460173300229,0.012451469787132,0.00182541952707857,0.00015287471395881,0.000734887490465294,0.279185736079329,0.155630244088482,0.000553299008390542,0.00421457856598017,0.00452326468344775,0.0181278842704424,0.02983020594,6.37013729977117,0.00534324942791762,0.0547816552250191,0.000368115942028985,0.002939572744,6.49408848207475,0.13397845585,0.00418621281464531,0.105363272311213,0.0163547654462243,0.00425019069412662,0.562349718804584,0.00763825324180015,0.00242581998474447,0.00427121472158657,0.0021154176201373,0.00293640350877193,0.0311780129672006,0.00202465957298627,0.00165942028985507,3.4776411136537,0.00164263920671243,0.000231173722349352,0.0928346681922197
"1-19 CBC",2022,5.93058733790999e-05,0.0463594032302365,0.000171996567505721,0.00438162662090008,0.000484792143401983,0.000765779938977879,0.00952809878449275,0.00143125476735317,0.00428179824561404,0.0135588291380625,1.43924336289081,0.00040848588863463,0.0011633295194508,0.00554490846681922,0.000314788329519451,0.00477593440122044,3.17934782608696e-05,0.0112843249427918,0.630348597535842,0.00319157350339435,9.5357569402746e-05,3.5606268592643,0.000238921558386651,0.0035634534706331,0.00340391063,0.00388896834477498,0.0012837528604119,0.7997234935164,0.00145928680396644,0.133580801868802,1.25348016781083,0.00476129862700229,3.66809687261632e-05,0.000260188139302822,0.000434053203661327,0.136441647597254,0.00591866895499619,0.00108004385964912,0.0041591819221968,0.000111870709382151,0.00919288710907704,0.02380195227,0.166914569031274,0.00561641876430206,0.0066742944317315,0.00232410097181541,0.002465418844,0.0680968726163234,0.0602255410099999,0.00390355644546148,0.0125386155606407,0.0247673407704043,0.00876573226544622,0.147913353351876,0.00815980167810831,0.00225066742944317,0.0131645690312738,0.00316618993135011,0.03770262740627,0.0459390790176049,0.00102801852226011,0.00105534897025172,2.04419336384439,0.001123617467582,0.000713196033562166,0.124113272311213
"1-21 CBC",2022,0.000179896071700992,0.00361241418764302,0.000633770594965675,0.00271491228070175,0.00223822287971777,0.00230563501144165,0.00650033343324943,0.00139421243325706,0.0482170099160946,0.0166242372234935,2.95173896073294,0.00115036231884058,0.00235869565217391,0.0477879481311976,0.000867276887871854,0.079552822273074,0.00074285773293669,0.00699609077040427,0.705669745925156,0.00115713551369947,0.000138915325245614,7.41657131960336,0.000140524227467811,0.0402869946605645,0.00452534037,0.00387633485888635,0.00195451945080092,2.87685926773455,0.00191709572845156,0.118074756864989,0.0431684795600458,0.00357904271548436,0.000108252288329519,0.00013378713139283,0.000216385392829901,0.360245041952708,0.0943173150266972,0.000735268878718535,0.00437395118230358,0.00229758791273074,0.00585971348398932,0.01982931502,1.62590579710145,0.00307354976720061,0.0133904104691076,0.0024473939344241,0.002164988954,1.74365942028985,0.03335573288,0.00383500190694127,0.0635726544622426,0.0255607127192982,0.00213205568268497,0.202631230957864,0.012637299771167,0.00237929061784897,0.0349963634795805,0.00466366323417239,0.0340980167810831,0.00361241418764302,0.000769395796453089,0.0156607551487414,1.18196987032799,0.0030201182303585,0.00488682793809306,0.053604118993135
"1-22 CBC",2022,0.000100290808543097,0.0395237414187643,0.00060483409610984,0.00557160564454615,0.000468678489702517,0.0122816552250191,0.046302140983463,0.00674675819984744,0.0453246567505721,0.0138148360030511,4.03781381197658,0.00738185759073607,0.00121095537757437,0.0420375667429443,0.0137671624713959,0.0052336003051106,0.00177616836254767,0.00403933066361556,1.06222722107135,0.00207870811808543,0.000416815330261632,4.63229405034325,0.00098804362199321,0.147797482837529,0.00717694739,0.0057518115942029,0.00120737986270023,27.4880816170862,0.0025351353928299,0.14321392872807,0.190578899355652,0.00896453089244851,0.000102989130434783,0.000219084872395118,0.00480692219679634,0.144422196796339,0.109091342486651,0.00517782227307399,0.0025219298245614,0.000675390922959573,0.0165014431053242,0.01604670492,0.996186117467582,0.0112290345808085,0.0775140241040809,0.00876191551317315,0.004022032502,1.07904271548436,0.03222656466,0.0052965293668955,0.0287924294431731,0.0188435459572845,0.014900509149283,0.184162909980816,0.0120113463005339,0.0029434591914569,0.00185397597254005,0.00476878337147216,0.00330062929061785,0.039315408085431,0.000853125693661327,0.288386727688787,4.48035850495805,0.00435073417238749,0.00987802107887109,0.0293859649122807
"1-23 CBC",2022,0.000640493897787948,0.0965102974828375,0.000469231502669718,0.00469422196796339,0.00955043859649123,0.00392214912280702,0.00502596307098398,0.0015429061784897,0.0897406559877956,0.0123536422578185,5.65387285466979,0.00208264086498093,0.0101592295957285,0.065145881006865,0.00148474446987033,0.0106273836765828,0.00168544126119756,0.0133891113653699,2.50291184212868,0.00251111059224256,0.000152117878784134,9.83695652173913,0.00018993871440595,0.353647025171625,0.00382373234,0.00601210907704043,0.000654128527841342,3.54681540808543,0.0015556826849733,0.345141075514874,0.0324118956456903,0.00600448131197559,0.000432489511823036,9.89988558352403e-05,0.000189392639206712,0.305773264683448,0.0516113653699466,0.000805253623188406,0.00498188405797101,0.00535183066361556,0.0136355835240275,0.02612237415,2.0647406559878,0.00354500381388253,0.0341099351639969,0.00204476927331808,0.002147145918,2.27560068649886,0.06374121668,0.00360130625476735,0.195132532418002,0.0240741633295194,0.0134091342486651,0.498059320271396,0.00986651411136537,0.00164721586575133,0.072061495029733,0.00252950991609458,0.0152884248665141,0.0957284515636918,0.00108109052757285,0.0440822845156369,1.72091914569031,0.00154943745232647,0.00542574083554539,0.0392715484363082
"1-25 CBC",2022,0.000463868230358505,0.0623236079328757,0.000677869946605645,0.00547339816933638,0.0199604309687262,0.0116080282227307,0.00685499303568268,0.0168449656750572,0.0231607551487414,0.119903699466056,4.34775648839217,0.00146557971014493,0.00662280701754386,0.0231607551487414,0.00739702517162471,0.00661756292906178,0.00114447983382914,0.00424332570556827,1.09827052719962,0.00235009754794813,0.000167216103870328,2.86327231121281,0.000371345978778947,0.117043287566743,0.00426242936,0.00818697559115179,0.0010798531655225,10.9439359267735,0.00272921434019832,0.154715559830282,0.0444822526149428,0.00783276125095347,2.30401411136537e-05,0.000162142448512586,0.00119608123569794,0.133223684210526,0.0727498093058734,0.000883438215102975,0.00794004919453852,0.00246362509534706,0.00684162852784134,0.01696918197,0.78804347826087,0.00224666285278413,0.0070127765064836,0.00489541548670481,0.00242714581,0.596777269260107,0.04656707211,0.00412147215865751,0.10561117467582,0.0243718187452326,0.00638443935926773,0.197194975214905,0.0112171052631579,0.00161203279938978,0.102378909229596,0.0024151411136537,0.00437561975591152,0.0619279176201373,0.000880458520368421,0.00321572273073989,9.96948893974066,0.00393192219679634,0.00668573607932876,0.0496472158657513
"1-26 CBC",2022,0.000406507437070938,0.02892862033164,0.000399547101449275,0.00471081235697941,0.000716008771929825,0.0023740465293669,0.00627697949340198,0.000853499237223494,0.0695461479786423,0.0156087909992372,3.6041311499213,0.00202669319740656,0.00350948703279939,0.0531896024175667,0.000982742181540809,0.00690074370709382,0.000819243425286041,0.0065474828375286,0.840316585151137,0.00233187989678871,0.000130929295410374,7.03565980167811,0.000159168672241266,0.000717963386727689,0.00422713335,0.00498426773455378,0.00134506102212052,3.06197559115179,0.00264039855072464,0.126243959763539,0.0797277845804577,0.00634534706331045,0.000131602784134249,0.000130097308789474,0.00053175057208238,0.635631197559115,0.0726973684210526,0.000363520213577422,0.0143168382913806,0.00163644164759725,0.00571557971014493,0.0228914741,1.54710144927536,0.00188534515636918,0.00756674294431731,0.00191990800624714,0.002054465338,1.49213386727689,0.06027773245,0.00637490465293669,0.0714006483600305,0.0270082675438597,0.00563644164759725,0.250628489722303,0.0114077993897788,0.00213439168573608,0.00217701182303585,0.00405310831426392,0.02345306396955,0.0259438407175896,0.000870134023804729,0.000531512204424104,0.997091914569031,0.00158214149504195,0.00511475697831427,0.151844965675057
"1-27 CBC",2022,0.000204133295194508,0.0274985697940503,0.000433090198321892,0.00355425247902365,0.00344522311212815,0.00359429824561403,0.00906151277564455,0.00370490083905416,0.054123760488177,0.012044241037376,3.85379513262823,0.00340971079035088,0.00547006102212052,0.0534229595728452,0.00114969488939741,0.007372234935164,0.0012122266981312,0.00676439740655988,0.989982008996926,0.00226358839115179,0.000154334634022121,4.05997330282227,0.000261927859655301,0.0335774218154081,0.00408483257,0.00276272883295195,0.00165717963386728,13.5430968726163,0.00257565789473684,0.136429085621663,0.0360192425688711,0.0115703661327231,0.000179691075514874,0.000121615179252479,0.0021172292143402,0.16829233409611,0.0475748474446987,0.000886632341723875,0.00560926773455378,0.00325519641495042,0.0108314263920671,0.017827686,0.989225781845919,0.00471224256292906,0.0206230930587338,0.00282529849610221,0.002341772408,0.868468726163234,0.02253462112,0.00416862128146453,0.0584858886346301,0.0236721133676583,0.0104438405797101,0.186883400074439,0.0137008962623951,0.00286908848207475,0.00158133104500381,0.00198140732265446,0.00224017925247902,0.0274985697940503,0.000767478924197559,0.00977641113653699,9.10612128146453,0.00314173340961098,0.00551037048433258,0.1284706331045
"1-28 CBC",2022,0.000379662471395881,0.065465293668955,0.000199203852021358,0.00326930778032037,0.0084844584286804,0.00035574942791762,0.0141198496066667,0.000717009916094584,0.129991418764302,0.0539092295957284,5.44739740654221,0.00152908085430969,0.0102602974828375,0.129042715484363,0.000304462242562929,0.0125214530892449,0.0029754004576659,0.00764635774218154,2.34250467485555,0.00225285089940503,0.000189930551907704,17.5676964149504,0.000272572378190847,0.206440694126621,0.00332320939,0.00115088672768879,0.000758009153318078,5.42381769641495,0.00311475019069413,0.401516275743707,0.134570142552937,0.00641399694889397,0.000817172006102212,0.000311579900839054,0.000246171815408085,0.954328756674294,0.0558352402745995,0.000317958619374523,0.00632532418001526,0.00663710907704043,0.0205215484363082,0.03006255339,3.65932494279176,0.0088448703279939,0.049261060259344,0.000561641876430206,0.002379342926,3.67639206712433,0.08261983486,0.00238811022120519,0.0328975972540046,0.0204881197559115,0.0199146643783371,0.587217644032487,0.0092581998474447,0.00200624523264683,0.0838821767649504,0.00131564645308924,0.0484458428680397,0.0651506483600305,0.00081099497530206,0.0134954233409611,1.51721014492754,0.00114259153318078,0.00828588666636918,0.107255911517925
"1-30 CBC",2022,0.000454528985507246,0.039201468344775,0.000375281273836766,0.00383862509534706,0.00038011060259344,0.00097883295194508,0.0132716368728985,0.00257456140350877,0.0258690884820748,0.0119908466819222,1.63081877001159,0.00164154281304729,0.00301606598016781,0.0231230930587338,0.00174275362318841,0.0177722158657513,0.000906750404996186,0.00247158657513349,0.503316340230526,0.00225857433663615,0.000107347406868802,1.78346681922197,0.000198330532825782,0.323674675819985,0.0038084539,0.00249199084668192,0.00177588672768879,2.99394546147979,0.00121820175438597,0.110699854405034,0.00271615179252479,0.00417272120518688,0.000108147406559878,3.7955758962624e-05,0.00119217200610221,0.221224256292906,0.0104200038138825,0.00103303775743707,0.00534992372234935,0.00359454910108314,0.00106168954996186,0.01456093404,0.39256769641495,0.00328547767513349,0.0143304719744928,0.00211444096117468,0.001708193298,0.397096681922197,0.0457668487,0.00402774599542334,0.014589054157132,0.0249528518306636,0.00109286803966438,0.132206087893936,0.00794956140350877,0.00204099923722349,0.0596605625505111,0.00433099733028223,0.0462743135011442,0.0389850305110603,0.000745834973038139,0.0419245804729214,1.16843058733791,0.00245885774218154,0.00894246129971014,0.0558876811594203
"1-31 CBC",2022,3.58695652173913e-05,0.0440403318077803,0.00125057208237986,0.00509057971014493,0.00380025476476736,0.00193540236460717,0.00425241119136537,0.00170225401607933,0.0288157894736842,0.0182065217391304,2.98002447082123,0.00249443937263158,0.00396314836003051,0.0290713196033562,0.000504099923722349,0.00730596872616323,0.000660039859458429,0.00779176201372998,0.78824985844161,0.00232029247297483,0.000106158296901602,4.61708619374523,0.000216636746218917,0.196681922196796,0.00432225579,0.00140002860411899,0.00299675819984744,2.38539282990084,0.00107198703279939,0.185061209143783,0.104125000079001,0.00539998093058734,8.97311212814645e-05,4.80549199084668e-05,0.00123808161708619,0.270003813882532,0.0297006102212052,0.000498617467581999,0.00892850733723875,0.0026805558733791,0.00576022835701754,0.02486667479,2.77645881006865,0.00341451421065599,0.0213526372997712,0.00251399175373761,0.002398956986,1.12900457665904,0.07857842667,0.00347787948131198,0.04219441266209,0.0250705096300534,0.000792667810831426,0.165513319977948,0.00950228832951945,0.00157737414187643,0.00774885583524027,0.00303294241037376,0.00431297673531655,0.0438200800915332,0.000967383670902364,0.0125257437070938,1.88367658276125,0.000570509153318078,0.00103437261632342,0.0278532608695652
"1-34 CBC",2022,7.58152173913043e-05,0.0349413615560641,0.000475996376811594,0.00470227879481312,0.000233395308924485,0.00293602212051869,0.00499865638308162,0.00106721967963387,0.0511727688787185,0.0181073607932876,4.00191037950174,0.00548865369946606,0.00626477879481312,0.0488367658276125,0.00186250953470633,0.00616800152555301,0.00145041952707857,0.00572749809305873,1.4405000085657,0.00206720794811594,0.000123552532590389,17.979118993135,0.000247289229881693,0.185707475209764,0.00476028936,0.00791618993135011,0.000663567887109077,3.68297101449275,0.00130077231121281,0.188013420099161,0.0165713196033562,0.00496996567505721,0.000166318649885584,5.79614797864226e-05,0.000506149885583524,0.300128718535469,0.0202869946605645,0.000229157131960336,0.00720633104500381,0.00179795957284516,0.00282675438596491,0.01733678443,5.51487414187643,0.0039130830415103,0.00763253241800153,0.00177853305403509,0.001706924918,3.89306826849733,0.05108055652,0.00600019069412662,0.0412814645308925,0.0259016814454615,0.00221400648360031,0.277553346694592,0.0112132913806255,0.00214507055682685,0.0470277579133181,0.0054452707856598,0.00931493135011442,0.0349413615560641,0.000755969622147216,0.0172292143401983,1.55563501144165,0.0025469584286804,0.00572260174961861,0.0578610840950115
"1-35 CBC",2022,8.23417238749047e-05,0.0556779176201373,0.00028366704805492,0.00483266590389016,0.0174551868802441,0.00126287185354691,0.171972730739893,0.00119179061784897,0.129772120518688,0.0110106788710908,6.65442601070901,0.112590579710145,0.0054023646071701,0.0680301296720061,0.000526029748283753,0.00880863844393593,0.000446310068649886,0.0206188024408848,2.46598779446754,0.0054343298725019,0.000357892373589626,19.2796529366896,0.000621754610643173,0.0416328184591915,0.00903047236,0.00421205186880244,0.0027057112890923,3.61065026697178,0.00231059305873379,0.230232479977117,0.0500990608756293,0.00583524027459954,0.00165036231884058,0.000145580663615561,0.00606598016781083,1.21557971014493,0.0744136155606407,0.000714864607170099,2.00953470633105,0.0294546147978642,0.0656273836765828,0.02958634638,5.97873760488177,0.0341232837528604,0.43809591914569,0.00264397406559878,0.008687261742,4.01830663615561,0.05998849146,0.00416480739893211,0.10826182303585,0.0126735607360793,0.0641447368421053,0.457064721618162,0.0230053394355454,0.0023033466819222,0.0579218683459039,0.00163815789473684,0.0109363081617086,0.0554919908466819,0.00138329681315789,0.0287309305873379,1.56850686498856,0.000501287185354691,0.00666796401258581,0.0414530892448513
"1-36 CBC",2022,7.21062166285278e-05,0.0151592295957285,0.00162890922959573,0.00527936689549962,0.039945652173913,0.00284577612509535,0.00692696599520214,0.000831188024408848,0.0843535469107552,0.0183910183066362,5.90208223687502,0.000336784897025172,0.00773407704042715,0.0748722825659344,0.00103861556064073,0.0046409706331045,0.0013125539938749,0.00984506102212052,1.70285938166176,0.0014056635432952,0.000191392763469108,11.3157894736842,0.000308386215162395,0.0314125667429443,0.00396875472,0.00819269641495042,0.000850162090007628,5.4123760488177,0.00201611365369947,0.266820037185355,0.00052426582761251,0.00545861937452326,0.000187051868802441,0.000414421243325706,0.00167786994660564,0.177407513348589,0.0767877574370709,0.000751239511823036,0.00456745804729214,0.00618182684973303,0.0185011441647597,0.01670497857,4.24427917620137,0.0119522311212815,0.0213606025934401,0.000569746376811594,0.002157136076,2.3932112890923,0.05110732912,0.00396133676582761,0.0660564454614798,0.0203118135011442,0.0180801868802441,0.444264411772609,0.0248021548436308,0.00180458619374523,0.0057098588863463,0.00935660373946605,0.0946224256292906,0.0149675819984744,0.000920919728905416,0.00537090007627765,1.85054347826087,0.00456521739130435,0.00898814157646071,0.112366514111365
"1-38 CBC",2022,0.000669765446224256,0.0157885202135774,0.00224213386727689,0.00224547101449275,0.0170161916046415,0.00116485507246377,0.024452363105942,0.000134472730739893,0.0624713958810069,0.0111022120518688,3.86197283572856,0.00172354118993135,0.00613606025934401,0.0610173531655225,0.00037226353928299,0.0152564836003051,0.00153338945764302,0.00508867276887872,1.49479145692199,0.00317949070238749,0.000149524199709382,3.95413806254767,0.000310419743240656,0.0752765064836003,0.00540080568,0.00160430968726163,0.00061961289092296,2.18883485888635,0.00185898169336384,0.171801077421815,0.000212228260869565,0.00965627383676583,7.86994660564455e-05,0.000138763348588863,0.000856550343249428,0.234425057208238,0.00698035850495805,0.000754576659038902,0.0376110793287567,0.0214154271548436,0.0717915713196034,0.02598996002,2.48655606407323,0.0364244851258581,0.141032608695652,0.00145833333333333,0.003854053472,0.778127383676583,0.05821028563,0.0039854118993135,0.058995995423341,0.017815671720061,0.0701039282990084,0.278980682705858,0.00924246758199847,0.00263162662090008,0.00225409992372235,0.00219317315026697,0.0021331998474447,0.0157885202135774,0.000639095465261632,0.00179467009916095,0.506769641495042,0.000948274218154081,0.0069626351373074,0.0355625476735317
"1-4 CBC",2022,0.000131598016781083,0.000527841342486651,0.000393645118230359,0.00303132151029748,0.211451182303585,0.00322578184591915,0.0419601330162319,0.0219364988558352,0.255487223493516,0.136846872616323,9.09508365281286,0.00490131578947368,0.00398951182303585,0.253675629290618,0.00128422959572845,0.00698369565217391,0.00196243253778032,0.00678394355453852,2.46995624669714,0.0054671347890389,0.000423208219240275,21.8416285278413,0.000896130373035698,0.00132837528604119,0.00822822460000001,0.00800676964149504,0.00159010297482838,65.1172768878719,0.00171820175438596,0.30349137109077,0.000693268497330282,0.00256192791762014,0.000160821891685736,0.000139678680396644,0.00245494851258581,0.442172006102212,0.141537948131198,0.0168368611746758,0.00681588482074752,0.0139774027459954,0.0229166666666667,0.02364510208,6.37871853546911,0.0213310450038139,0.252807971014493,0.0078934846387109,0.0042878706,4.58290427154844,0.07441952264,0.00418201754385965,0.124194317315027,0.014908855358505,0.0231993707093822,0.496919288738795,0.0118344774980931,0.00129486079328757,0.0903461098398169,0.00230444317315027,0.0017751239511823,0.0498510011560183,0.00143256938222578,0.154061784897025,4.63482074752098,0.00366142257818459,0.00355039092295957,0.0459148550724638
"1-43 CBC",2022,0.000410030511060259,0.0269903699466056,0.000863653699466056,0.00507246376811594,0.00361479786422578,0.00448674675819985,0.0152197749809306,0.00167253051106026,0.0789092343630816,0.00915093440122044,5.85474203864517,0.0205420480549199,0.00265150648360031,0.0878337147215866,0.00097573417238749,0.0162066170861937,0.00112963735034325,0.00767448512585812,1.44103733218058,0.000781079010503432,0.00019420796254386,9.35593058733791,0.000423826743466896,0.0354042715484363,0.00512790329,0.00818220823798627,0.000983504958047292,3.71534134248665,0.00195432875667429,0.291114526125095,0.0392572782127917,0.0062290236460717,0.000164197177726926,0.000136198512585812,0.00271367276887872,0.294126620900076,0.138806254767353,0.000585049580472921,0.150219298245614,0.00539998093058734,0.0218011060259344,0.02661775652,3.72678299008391,0.0104343058733791,0.13307112890923,0.00240725380994661,0.002650123396,1.94102784134249,0.04702299391,0.00350357551487414,0.117777459954233,0.0180511975591152,0.0211713386727689,0.372121267222113,0.0148798627002288,0.00180754195270786,0.00132766018306636,0.0115396257335164,0.00256350114416476,0.0267548627002288,0.00085775967590389,0.0677631578947368,2.27502860411899,0.00180005720823799,0.000561212814645309,0.0384377383676583
"1-45 CBC",2022,7.32885202135774e-05,0.0279568728209306,0.00016779176201373,0.00373789092295957,0.000801106025934401,0.00186441647597254,0.0131647011480473,0.00287399885583524,0.0664950419527079,0.00608314263920671,2.50290710049491,0.00152755530129672,0.00214840770404272,0.0655177345537757,0.000829090389016018,0.0202540999237223,0.000500362082181541,0.00623522120518688,0.562576585258917,0.000480531637963387,0.000113851944820747,3.32284515636918,0.000398483305849962,0.00119956140350877,0.00476469676,0.00271586575133486,0.00078065408085431,3.86188977879481,0.00187252097635393,0.153539316361556,0.142512575959725,0.00476878337147216,6.25143020594966e-05,6.98274218154081e-05,0.000399113272311213,0.219655797101449,0.0586432112890923,0.0022815122044241,0.00468425819984745,0.00279457751716247,0.00599196843874905,0.02573107748,0.701420671243326,0.00374514110503433,0.0030515350877193,0.00195539327566743,0.002368824074,0.726592295957284,0.06189188213,0.00349947559115179,0.0235512013729977,0.0245934687261632,0.00150762776506484,0.127933285652204,0.0117920480549199,0.00164368802440885,0.0356008571671015,0.00939910249206712,0.0289316723745461,0.0254110622474905,0.00101853839993135,0.019411231884058,1.40489130434783,0.00128217963386728,0.00564591015270786,0.0353537376048818
"1-46 CBC",2022,9.87509534706331e-05,0.0198904138029825,0.00029676296720061,0.00325395690312738,0.00900043322592677,0.00303804347826087,0.00906021557251716,0.00109949466056445,0.0561594202898551,0.0121495995423341,4.10510607363339,0.00260157389198322,0.00292391304347826,0.0310240274599542,0.00306011632341724,0.0101239511823036,0.000898001958176964,0.00826039282990084,1.03849146792868,0.00145604552240275,0.000114253470649886,9.58237986270023,0.000223415275716629,0.00107713577421815,0.00502401745,0.00768592677345538,0.00109939931350114,1.57136727688787,0.00148913043478261,0.160288268640351,0.00137719298245614,0.0113067315026697,7.75076277650648e-05,0.00013775376132952,0.000921577040427155,0.376434973302822,0.0168587909992372,0.000329309687261632,0.00975781845919146,0.00295324008091533,0.00179724446987033,0.02396634206,3.87700228832952,0.00401598446254005,0.0162800343249428,0.00248793620613272,0.001817313898,2.02688787185355,0.04628239104,0.00612032799389779,0.0416509344012204,0.0284226401601831,0.00174480358504958,0.263465574970564,0.0100996376811594,0.00186527459954233,0.0466194064671091,0.00780883198501907,0.0126192336954462,0.0159797919664912,0.000844957696430206,0.0153632723112128,1.33876811594203,0.00139988558352403,0.00938738714243325,0.0311718154080854
"1-49 CBC",2022,0.000692601067887109,0.0240508495319298,0.000932875667429443,0.00441847826086957,0.00860888634630053,0.00139449847444699,0.00183981693363844,0.00175038138825324,0.062290236460717,0.0285059115179252,4.79833633679391,0.00266625862632723,0.00674127622044241,0.0641352021357742,0.000349094202898551,0.0176582761250953,0.000822130053394355,0.0160883867276888,2.3674148661167,0.000935046874279176,0.000217989186130435,7.50190694126621,0.000546171669634554,0.00170947749809306,0.00414504714,0.00779033180778032,0.000957951945080092,4.68821510297483,0.00116862128146453,0.272255129672006,0.0371933817530053,0.00714244851258581,0.00018631769641495,0.000179810259344012,0.00205778032036613,0.215684591914569,0.255210717009916,0.00241890732265446,0.0292262585812357,0.00204829328756674,0.0107203470633105,0.02331950279,3.3905415713196,0.00436069794050343,0.0323469679633867,0.00245255542495805,0.003293258748,1.54552822273074,0.06917020516,0.00208833905415713,0.0521882151029748,0.0213793158848207,0.0104128527841342,0.389504152415835,0.00962433257055683,0.00179915141113654,0.0263448703279939,0.0113468971118535,0.00118993135011442,0.0229582849933791,0.000749664761680397,0.00198979786422578,1.25491037376049,0.00307870900076278,0.00237256864988558,0.0461751525553013
"1-5 CBC",2022,0.000188229405034325,0.0356922196796339,0.000969202898550725,0.00170642639206712,0.0524408848207475,0.000446596109839817,0.00615251650948894,0.00191843058733791,0.0606264302059497,0.068740465293669,6.45896242849059,0.00359894692201373,0.00602164378337147,0.0876315598480015,0.00022518115942029,0.00298255148741419,0.00266719107551487,0.00935068649885584,1.8189736971619,0.000496657367124332,0.000182182472450801,15.3637490465294,0.000322898857952708,0.306364416475973,0.0038477355,0.00386594202898551,0.00673483981693364,11.0130625476735,0.00354200038138825,0.3557859935164,0.0849300268170633,0.00802822273073989,0.000355525362318841,0.000175548245614035,0.00029990465293669,0.405201182303585,0.144927536231884,0.000841247139588101,0.00354857932875667,0.00249284897025172,0.00945461479786423,0.02901824175,5.04147597254005,0.0140412852784134,0.0193506864988558,0.00307462906326468,0.00218999126,3.19217200610221,0.06239251034,0.000805635011441648,0.144469870327994,0.0180639998093059,0.00928632723112128,0.436517806138589,0.00854452707856598,0.00194393592677346,0.0765280425295576,0.00968690169489703,0.00455878146453089,0.0351511250953471,0.000859477786941266,0.0243993135011442,2.45909610983982,0.000653222730739893,0.00553149802385965,0.0596062166285278
"1-50 CBC",2022,4.54018878718535e-05,0.000104595728451564,0.000917028032036614,0.00408619374523265,0.000532990083905416,0.00705806636155606,0.00723642257908467,0.00318821510297483,0.0919574752097635,0.0257437070938215,3.46118994565523,0.000522883295194508,0.00407136727688787,0.0896596109839817,0.00150629290617849,0.00416299580472921,0.000270080091533181,0.00202426582761251,1.11194917528194,0.00220629165250191,0.000129760232681159,6.62948131197559,0.000198232685599619,0.0602369651065294,0.00426813595,0.00341752479023646,0.00101868802440885,2.21863081617086,0.00196313929295195,0.178701526649504,0.143262831675042,0.00377393211289092,9.53136918382914e-05,0.000126978451563692,0.000956188024408848,0.885345156369184,0.0131826849733028,0.00044375,0.00408843440122044,0.00347862004209764,0.00777687547450038,0.01969773701,1.39936117467582,0.00475891303366896,0.026464947078749,0.00233462124141876,0.002309095854,1.39936117467582,0.06006959741,0.003909706331045,0.0306841151792525,0.024819108504958,0.00573258532661327,0.247680983052593,0.0135507246376812,0.00151854500381388,0.0447970856987033,0.0039466533180778,0.0221451574608925,0.0251095251835851,0.0009749398093463,0.000623760488176964,3.20266018306636,0.00321844012204424,0.0049396114231045,0.0368282799389779
"1-51 CBC",2022,0.000858409610983982,0.032968714989283,0.000136150839054157,0.00165851449275362,0.00122416094584287,0.000779033180778032,0.00341232837528604,0.00128084477498093,0.0860078184591915,0.0103251334858886,5.69721972727269,0.00152998665141114,0.0035839054157132,0.0832475209763539,0.000189168573607933,0.00761966056445461,0.000500143020594966,0.00347520976353928,1.64959574191603,0.00105867696252479,0.000130536758684211,9.45127765064836,0.000300153296434935,0.136309296334462,0.00449222776,0.00126220442410374,0.000739130434782609,2.60669336384439,0.00232772453226545,0.280347988176964,0.136997723954722,0.00997919099781083,0.000239659610983982,0.000334618624988558,0.000565265064836003,0.58266590389016,0.063877765064836,0.000126439740655988,0.0285340389016018,0.00373426773455378,0.0065145881006865,0.02590466059,2.18258962623951,0.00220232646834477,0.0236527459954233,0.00222013397845156,0.002415248486,2.21310068649886,0.0971197474,0.00430563501144165,0.176311022120519,0.0235507832761251,0.00738701372997712,0.413127674526873,0.0103852021357742,0.00137337909992372,0.0763966313863234,0.00982172931091533,0.0149185022229367,0.0350250416296644,0.00133978344577803,0.00780511060259344,2.07565789473684,0.00112662090007628,0.00881683662816934,0.0395599733028223
"1-52 CBC",2022,0.000459529938977879,0.00918239893211289,0.000398412471395881,0.00489750190694127,0.00212753095132342,0.00194174294431732,0.00439887466635393,0.000810116323417239,0.0301978451563692,0.0123278985507246,2.40536877478573,0.00131242366182304,0.00420938215102975,0.0299742562929062,0.000762204424103738,0.149747330282227,0.000735533441426392,0.00478070175438597,0.658072710215088,0.00234962882576659,9.9174639477498e-05,5.1368230358505,0.000112157880142944,0.0963529748283753,0.00460548382,0.00207904271548436,0.000905415713196034,1.13196033562166,0.0019973908159344,0.0851102688787186,0.030871112228955,0.00632103356216629,0.000295537757437071,5.33657513348589e-05,0.000421352974828375,0.464993325705568,0.0491180396643783,0.000972015636918383,0.00431126048817696,0.00278383934170862,0.00373607932875667,0.02066963105,1.14878909229596,0.00272098157369947,0.0127223755720824,0.00219105621610984,0.00191821922,1.09773073989321,0.05204026844,0.00522311212814645,0.0363229405034325,0.0279861603737605,0.00290522501906941,0.15388060165402,0.0117658276125095,0.00176558924485126,0.027024321131312,0.00405873379099924,0.00514302059496567,0.00919098016781083,0.000630931756222731,0.0121310068649886,0.827564836003051,0.0016044527078566,0.00459383976404272,0.0777221586575133
"1-53 CBC",2022,0.00211022120518688,0.0288628260670633,0.000878051106025934,0.00210354691075515,0.013636060259344,0.00179161899313501,0.0142673074985126,0.00152393211289092,0.188977879481312,0.00675152555301297,5.80619808360417,0.0013977879481312,0.0048631769641495,0.188977879481312,0.000293034897025172,0.011080758962624,0.000732694508009153,0.00106178489702517,2.4214268587812,0.00359373197227307,0.000203795561629291,13.5821891685736,0.000418976189449962,0.0013344298245614,0.00736798397000001,0.00623474446987033,0.00093120709382151,2.71896453089245,0.00279632342287567,0.337242848970252,0.000360254576659039,0.00585955377574371,0.000570938215102975,0.000491897313989321,0.000334339244851259,0.358161708619375,0.0142276887871854,0.000390903890160183,0.0291018306636156,0.00365122044241037,0.00567219679633867,0.027558506,2.82928108314264,0.00403155987795576,0.0387414187643021,0.00610757405557589,0.004675061814,2.82928108314264,0.04575114047,0.00429586193745233,0.0319584286803966,0.0186843969298246,0.00584906559877956,0.525067348426476,0.010647406559878,0.000974876048817696,0.0476855696965675,0.000997663996948894,0.0188944913023036,0.0315730587359268,0.000774596654949657,0.00857551487414188,1.80725591151793,0.000951849733028223,0.00887681029454615,0.0314392639206712
"1-54 CBC",2022,7.14864607170099e-05,0.0190729847663845,0.00109502297864226,0.00240179252479024,0.00764495520111365,0.000310254576659039,0.00429999519031274,0.00106235697940503,0.0477164378337147,0.00920909610983982,2.38615791474786,0.00150528409519451,0.00739654843630816,0.0469355453852021,3.91132723112128e-05,0.0573131197559115,0.00098252483446987,0.00245299389778795,0.636163911168886,0.00190276008961861,0.000135950935935927,2.01401601830664,0.000184361653232952,0.00114993325705568,0.00467038278,0.00413143592677346,0.000373941647597254,1.17400839054157,0.00299936832718535,0.104774590007628,0.00035711289092296,0.00632770785659802,0.000169755911517925,3.85326086956522e-05,0.000707951945080092,0.81140350877193,0.107990083905416,0.00113267543859649,0.0043320938215103,0.00465196520167048,0.0114949389820595,0.02249318041,0.479452707856598,0.00660822891430968,0.0347930806538368,0.00178552957888635,0.00164345257,1.85783752860412,0.03591448032,0.00438377192982456,0.00857646834477498,0.0266189492753623,0.00862914091892449,0.169733738543684,0.0117891876430206,0.00120680778032037,0.0470297177799085,0.00433247520976354,0.0210172535483905,0.0223526351114493,0.000626488719971777,0.000183233218916857,1.57217772692601,0.00144531845919146,0.0100393097966438,0.0350767543859649
"1-6 CBC",2022,0.000515732265446224,0.0286605573179939,0.00180563501144165,0.00284854118993135,0.0281855453852021,0.000684019832189168,0.00186937452326468,0.000897358886346301,0.0699370709382151,0.0493468726163234,5.49008957857635,0.00661493355489702,0.0195423340961098,0.0686355835240275,0.000661374904652937,0.00367458047292143,0.000737604881769642,0.00748665141113654,2.54671950747925,0.00159682806438597,0.000267956696773455,10.4667238749047,0.000326039102666972,0.224013394839809,0.0048513715,0.00320990655987796,0.00221043096872616,6.13701372997712,0.00256393020594966,0.307048865369947,0.000292377002288329,0.0047258295194508,0.000709906559877956,0.000477720360627765,0.000646500762776506,0.312728832951945,0.568316170861937,0.000894832189168574,0.0153380053394355,0.0180949656750572,0.0467729786422578,0.02569004291,3.79710144927536,0.0653413424866514,0.131240465293669,0.00313439168573608,0.002372914738,2.23517353165522,0.06406133412,0.00414931350114417,0.111379672006102,0.0157392562929062,0.0458881578947368,0.539503384804752,0.00930635011441648,0.00160516781083143,0.0381760106788711,0.00668615654076278,0.00108276125095347,0.0264495909601144,0.000677932642049581,0.00193702326468345,1.90117276887872,0.00138634792143402,0.00159038901601831,0.0827660183066362
"1-8 CBC",2022,0.00049990465293669,0.00271681922196796,0.000318683257055683,0.00132642067124333,0.0200858123569794,0.0100562547673532,0.0226504187103509,0.00922244469870328,0.0242767925247902,0.0426454042715484,5.1920233696287,0.00430241177972159,0.00161026887871854,0.0251215675057208,0.00749141876430206,0.00668668954996186,0.0012942887109077,0.00643545003813883,1.07757654269133,0.00209906449983982,0.000230655968265446,8.01249046529367,0.000645123295253928,0.0185473874904653,0.00598410941,0.00338982646834478,0.000947606788710908,18.1383485888635,0.00219574752097635,0.15554347826087,0.000902364607170099,0.00269255339435545,2.36117467581998e-05,2.37604881769642e-05,0.000401377765064836,0.158600305110603,0.122659229595728,0.004534706331045,0.00555682684973303,0,0.0185569221967963,0.02385910335,3.31640922959573,0.00583905415713196,0.0219283943554539,0.00697139799073989,0.00254511204,1.81965102974828,0.05979056409,0.0040113939740656,0.0470337528604119,0.0221903151220442,0.00672816552250191,0.260731230960122,0.0102860411899313,0.00183533562166285,0.0178141685736079,0.00720693078474447,0.0224277837665523,0.00271681922196796,0.000793069867218153,0.0308910183066362,6.47025171624714,0.000976782990083906,0.000625572082379863,0.0429343058733791
"1-9 CBC",2022,0.000170223112128146,0.0287151983218917,0.000321133676582761,0.00516828756674294,0.000675200228832952,4.25147787948131e-05,0.0131980892232799,0.0014802704505553,0.0599351639969489,0.608457284515637,3.59779969490974,0.00214165765754767,0.0021879290617849,0.0602212051868802,0.000420103928299008,0.0128923531655225,0.000964799847604881,0.00672339816933638,0.855713654699207,0.00120869314024409,0.000152188296514111,8.1259534706331,0.000298773001587186,0.125381388253242,0.00432923951,0.00817076659038902,0.0459615751334859,4.66938405797101,0.00316495041952708,0.16162447192029,0.066762835435553,0.00522930968726163,0.000133133104500381,0.000310330854309687,0.000706045003813883,0.22769355453852,0.178956903127384,0.000688548817696415,0.00380039092295957,0.000668621281464531,0.00448512585812357,0.01836265358,2.58085430968726,0.00470848442729214,0.0144503241800153,0.00278638213076278,0.001703852356,1.72249237223494,0.06046466344,0.0052865179252479,0.0951516018306636,0.0266967200610221,0.00563358123569794,0.235593540253646,0.0084425057208238,0.00256021167048055,0.633819603356217,0.00829532068344012,0.0300219298245614,0.0285855263157895,0.000880143117635393,0.0201997520976354,1.35645499618612,0.00225858123569794,0.0336060259344012,0.057089054157132
