"ID","cohort","Cer(d18:0_24:1)","Cer(d20:0_22:1)","Cer(d20:1_14:0)","Cer(d20:1_16:0)","Cer(d20:1_22:0)","Cer(d24:0_19:1)","Cer(d42:3)","Cer(m20:1_22:0","Cer(m42:1","Hex1Cer(d34:1","Hex1Cer(d34:1)","Hex2Cer(d34:1)","LPE(18:2)-H","LPE(20:4)-H","PC(14:0_20:4)","PC(16:0_18:2)","PC(16:0e_20:4)","PC(16:1e_18:2)","PC(16:1e_20:4)","PC(17:0_18:2)","PC(18:0_18:1)","PC(18:0_18:2)","PC(18:1_18:1)","PC(18:1_22:6)","PC(18:2_18:2)","PC(34:4D8)","PC(8:0e_10:0)","PE(16:0_20:4)-H","PE(16:0_22:6)-H","PE(16:1e_20:4)-H","PE(18:0_20:4)-H","PE(18:1_20:4)-H","PE(18:2e_20:4)-H","PI(16:0_18:2)-H","PI(16:0_20:4)-H","PI(18:0_18:2)-H","PI(18:0_20:4)-H","PI(22:0_18:3)-H","SM(d36:2D9)"
"001-6",2020,3228969.946,2775710.04,440415.9747,24095.09742,487425.9661,757217.8657,37086.72998,591526.3019,127405.0364,218153.6096,759342.4359,919932.269,248480.0741,446920.6616,600325.5558,20789575.88,495380.9745,215856.6732,388599.0954,173934.279,1846.731074,182932.2273,3499821.994,240138.2313,6954036.457,293519.7935,1255000.433,431808.1532,479613.4511,941882.0695,133873.4028,170749.162,67954019.54,207052.1538,341282.9803,396850.3581,2429343.269,385821.9406,7918045.686
"004-8",2020,814037.2091,1727188.304,135295.0119,11775.2209,102872.4367,83290.44214,54326.6317,351521.73,97569.05871,100224.51629823,577710.3776,190791.1684,5657.235113,206166.4067,26327.47196053,162646.9639,66624.29889949,1957351.85601901,102367.53947167,8433.739284,92543.68604,2707923.755,2008351.909,266959.4144,4475268.924,12517.35191,552846.6036,152189.2546,332023.101,78655.60376,241440.8079,43679.18389,26654960.9840977,66334.17552,33714.94087,86147.42379,429330.1387,190005.9132,3662747.348
"005-8",2020,2058443.062,361016.4883,259089.0329,15523.29861,205733.6016,306770.8412,95842.78641,962781.2018,5083.394846,221043.6559,1334320.357,347167.9581,332197.3117,306910.4396,39874.310857806,328544.6997,2666.7615,1816871.34160491,1597.9908,72074.6256,116639.3615,3926655.496,6864252.995,195725.16462232,5603818.85,47610.53468,396120.5768,1563787.234,9320.694629,146164.4205,248776.8163,10439.5508,19535096.694081,135060.1089,55244.2787,174330.4069,476637.2588,597538.3665,610224.9777
"006-8",2020,7801666.855,627231.2685,354327.6081,36290.92809,78804.41121,857775.4021,59658.45216,105785.6615,35922.95241,128014.6357,361201.8992,486752.4581,231003.5895,917080.1727,132970.45075245,494888.8881,20866.4103,90224.8242,143126.43803978,169361.3472,12503.14445,21851.29654,635070.4016,863828.4195,17059297.77,319984.512,425471.1825,847024.7793,716720.2201,656746.5112,730641.9008,157698.578,116630894.3,503723.8144,691433.903,950020.215,4386157.868,345615.5437,9027559.624
"009-10",2020,3342600.731,460663.8608,541288.4213,115323.8544,96733.95104,216036.5792,33840.10889,2363908.593,37042.33065,281456.3845,1160376.214,333239.7881,124034.2933,320652.0967,28961.270410986,1010470.274,63171.98224684,18423.8757,83454.55917903,73272.36864,133550.5427,158244.0833,348248.7045,473038.6854,5258828.569,683832.8679,396983.439,156207.8157,32642.03368,137888.6691,207534.223,35202.68138,25829726.6851257,100858.5572,62053.53868,188015.5081,826346.8836,321947.6153,6437688.024
"010-10",2020,1638014.747,4091464.984,448602.6365,30648.8596,189191.2456,287968.3086,97532.61157,669710.8589,207712.7556,59276.82951,538376.7628,691660.6286,431255.3017,500674.4984,44665.642119606,1761441.34920954,78048.79196629,1832827.24543581,156225.116292389,104297.78455827,279692.9822,631344.7765,1218843.887,104301.75539976,175478.5025,237094.6725,13603.7561,55628.35136,22645.05992,187431.60055566,8814.525641,59612.41880292,24325858.3446224,162266.6212,166700.0525,387399.3343,1378418.035,245545.9671,763454.97345637
"011-11",2020,2789023.861,4493307.134,605860.3228,35743.93268,143569.0556,169441.2654,78511.54342,910565.81,180360.8779,74210.02192,281963.2963,657346.7341,264251.0636,546806.113,46427.71728134,1687842.334,71888.92481189,1786102.65612514,133786.28515051,92529.64862259,101242.0062,137636.2477,1698141.731,152689.70091029,4201780.4700712,127937.0422,25495.64385,157367.3863,621990.245,206539.42746648,19432.32763,23878.04143,28885356.4512105,196346.5793,239664.8045,411363.3646,1600950.12,386912.57,1743436.5209046
"012-11",2020,1878906.853,1335643.921,904404.6498,54568.40865,186625.2569,367495.4506,43059.89146,261461.9022,198934.1044,163340.6831,668169.4747,1363157.752,453713.4246,444973.9081,89456.33189595,2713890.585,110445.670722,2189829.17472668,184051.588580068,15534.81068,32511.73008,3378224.092,233841.0832,49513.86903,4823585.623,275810.645,276248.67680406,229490.8899,118472.4201,25547.95376,104979.0935,86295.11423,163279907.5,456892.0492,521070.483,1666546.468,3385127.185,173076.169,1320158.0379922
"013-11",2020,5279250.864,1621194.084,533582.5883,22495.21285,31937.30453,797903.9481,124424.1607,493634.6893,405907.06,53997.21452,1556402.247,307291.8113,292017.5585,236315.5349,49259.95828744,2539903.293,76583.33320529,4540713.71032919,195957.170679731,90646.1681764201,49065.11435,843086.2275,461123.592,147363.75812094,140882.9419,353423.1941,430910.123581208,89769.01455,1140914.536,238708.64178394,42714.98505,70557.25394412,42617617.5405213,470503.0862,396626.2958,507237.5652,1582275.283,427244.9518,1708998.71082227
"015-13",2020,1200129.486,873924.8276,450438.5177,38436.67434,66113.47904,231157.3187,36783.63009,225984.5159,105156.3513,85494.23557,773917.6793,1067226.973,204255.1075,475934.9358,113174.83132021,3418838.991,118329.28313402,1475618.84654914,164960.478845037,31041.00115,5217.424337,3879338.757,743939.9352,44908.9149,2897600.667,148757.9566,153114.9996,273606.919,154938.6458,91143.87334,331163.9948,170010.6853,91523822.46,509514.6951,461498.2138,1259714.487,3582323.233,235985.1742,1365528.60751068
"016-13",2020,1464785.118,3860561.127,531621.4633,21800.42232,190184.6358,358108.2101,28441.02893,236257.4073,172123.6372,86667.44394,457301.016,721814.8868,429550.0844,463422.8182,39303.19935508,1307478.314,77973.55930326,1437089.51006158,146686.427411889,9494.618033,48591.99425,7106332.519,900317.88,72564.32774,1976356.141,168940.0775,109287.6712,455246.88,73611.37701,57508.33059,211815.0258,35902.17509,29849871.0385825,532437.6582,360389.258,918738.5291,2578052.442,134751.4572,130772.0249
"017-13",2020,1759771.848,2659085.285,322648.1349,25262.54587,97528.63487,610943.0441,12459.22047,873391.18,94063.98606,35931.38207,256415.0631,680070.9091,268268.7434,291037.4827,34260.9393138,1431788.5921894,77985.2280865999,2245820.46943838,150363.413824728,102078.72121009,194589.1295,218783.7135,606830.0345,157064.63234562,3335825.9090117,27581.78201,618731.108339,176288.6199,506963.3448,208534.33921756,54515.07272,46921.93585,43318363.4880079,223120.3792,235141.0676,678977.4514,2860071.418,201685.1728,1846899.2117045
"018-13",2020,1916366.657,2506253.106,756707.866,35982.15427,81355.12055,482103.5936,50341.6868,354234.0153,42803.90572,133469.51,750021.1981,728213.5504,174642.4315,1139259.423,29416.43198475,1534809.87538172,74360.51212432,2588494.87154847,147842.382731167,73339.11335796,609053.4375,2543055.636,984262.1214,131610.47849494,45615.81682,148179.2926,402392.71722018,606909.7624,444566.7167,7187.818136,551505.8601,261147.1217,35434071.4570937,219320.1661,284009.2449,1011615.345,2710084.075,239318.8074,647208.98622167
"019-14",2020,1475515.958,4071622.331,614429.0279,45877.50437,51865.36539,301478.8144,50135.26994,846654.9437,111747.1208,104304.0298,583845.3754,585088.3575,365725.6294,345820.8697,58929.69607552,5125478.343,80695.18952549,54664.17358,246242.661,383803.5314,1228171.085,180718.7358,5208513.13,49294.53798,8779708.458,123739.0179,472732.1083724,44059.53578,33240.50481,55716.79825,160131.9518,60957.29779,25565436.1566441,435777.9283,432807.1787,527570.9184,2221896.228,298799.6709,659645.5428
"020-14",2020,1332854.393,3364020.468,488933.3487,24886.35355,166412.4453,312030.5345,298279.2334,342758.1414,124983.2836,121953.8026,369991.8011,937118.4651,225562.0437,393411.76,37023.308809564,1623032.849,52312.94352344,803835.038311023,115313.36785837,90004.5836266501,14332.76683,1182902.041,1003503.766,101430.64177227,45524.68841,220113.1358,381958.81082362,584360.0157,195097.5483,13102.33709,193540.4867,112270.6566,48709904.416446,858836.5356,772961.7403,2115204.654,4527492.245,207810.5702,1525112.238345
"021-14",2020,4920287.241,1479994.175,644414.6417,39365.35377,47160.11425,818716.4976,106792.9403,470387.5985,25016.20639,7861.589684,728091.1232,533627.2137,115779.1334,209210.6336,32229.73885429,1379163.40166601,78782.25317192,311968.19414932,131692.65644683,91562.2180439501,90104.6084,775294.5783,1714397.979,49759.34843,1115025.371,5653.834599,401310.455817328,142700.5075,661545.9086,287289.701708,88802.92118,9375.587881,19738249.1327211,260658.5591,237748.8496,385564.9239,1358227.624,373249.5308,945615.46435717
"023-14",2020,2815107.919,1549283.071,360524.7739,29950.26837,29373.33372,710486.4708,19499.51472,394757.3201,18707.26811,51930.9915,1290332.402,208224.8602,285156.2328,90574.03191,38341.344447166,1672894.93945333,81397.917136,2790558.61477986,261684.3848,112602.07971708,186951.9983,1437690.28,812045.6561,34505.63241,103731.9629,73989.09173,394358.61266834,87130.48138,547944.055,150918.56031565,59664.20595,22069.69405,34862626.9905323,224353.4713,237975.7355,532539.8658,1890156.787,197445.4898,941757.40643066
"024-14",2020,1317641.852,3034193.279,449312.8223,22306.61503,82784.2111,276249.6626,40365.69801,270964.1195,109136.6612,109675.367,677553.0245,1543919.04,1307437.517,873013.6532,69849.64102095,5800161.065,74771.11643287,348223.760032544,137342.378000749,92725.88571,9405.938262,241415.6834,2524973.691,209652.1723,9765925.629,24638.08019,57716.82743,1570892.704,320793.6098,213103.5094,999902.5439,405990.6461,3731769.073,1423603.881,1583800.816,1603334.382,3175029.64,192936.9283,181175.9943
"026-15",2020,1773149.953,5952667.877,735406.175,42992.38362,265836.6723,284321.9808,8451.923271,440235.6753,97823.34586,78202.46857,674058.317,828012.2646,531431.3648,399348.6714,54009.4931142,10909789.65,73866.58660497,58234.14486,142463.30068562,89456.35816,17294.41957,7841010.937,484958.5365,76998.61278,14381395.5,308144.8326,106847.3424,675108.6653,178154.9379,370071.7893,618058.6126,266153.0499,37874143.72,821112.8409,426776.0542,1441537.666,2473450.67,211173.0768,262787.9943
"027-15",2020,1257464.849,2903227.405,512272.2189,38940.47591,144851.9196,279346.7261,8716.996697,335331.5032,120602.0199,115409.1558,830648.4305,850832.9833,286631.2901,256961.4897,76140.7146171699,726958.0123,110709.16328371,2840042.80554135,159250.339161701,88815.08364,35516.30177,584926.5708,5320882.612,145300.05466089,3758933.051,62005.76003,461475.638958968,302734.4307,218404.9119,200049.3055,480411.5209,345510.9087,130665331.5,375625.3763,532957.3604,619760.3709,3253147.165,173524.442,1631955.87500147
"028-15",2020,11451761.61,2561291.998,462899.1353,44218.5356,448069.6446,430274.4207,42068.74666,436724.4143,93408.16153,97071.28251,492971.823,682386.0906,250787.983,440852.282,37491.51664627,1697387.90821713,74425.2459224,2376530.70078369,133881.868547566,69957.26021342,480863.8917,2977266.501,818139.0293,51078.74211,1437924.72,51435.75946,375804.3199167,646176.7346,319559.4102,8225.328914,390361.6537,101301.7837,18562447.2,583403.6693,436536.6719,638600.6541,1639756.335,77109.74118,439401.82800549
"030-4",2020,1472005.985,2786327.782,693491.1353,62726.05905,176256.669,270170.927,25177.40223,313530.03,140357.0133,94405.1835,468856.8104,1023149.251,382473.4315,406513.4067,25607.93828338,618181.4124,59419.81970691,384801.39214626,96284.849692329,103592.2016,50670.71547,12328401.2,7347987.797,106105.5381,4766005.906,142252.1359,517890.5728,217229.6772,123843.1037,100568.7114,503268.9561,49011.65853,22976594.63,1045586.559,1150567.358,2443566.962,6491195.484,173443.2623,461575.6073
"031-4",2020,1208835.894,1331509.939,454764.9577,25467.9392,216871.512,680533.2959,36210.19796,250248.5697,40149.36673,119313.9329,448475.1911,837741.2361,205204.8195,210403.8253,72818.7332097259,728379.9597,114926.55244005,3246259.16590692,156853.421738929,83243.2178694,522186.7442,605213.0415,776877.1476,151323.77978465,668975.9066,163271.9745,88846.4572,1325628.614,224145.5132,47779.36612,280021.2105,92181.07963,113236285.1,398001.2668,330148.6248,1055676.274,2861727.398,251659.542,1584407.98121459
"032-3",2020,4488004.135,1224086.391,275090.0422,19894.94587,397159.9441,320353.6174,41662.38078,297380.5442,46076.97462,78679.28163,508918.2324,427842.1109,186469.8354,386280.3537,28293.3975416,780407.6268,78414.13568076,21470567.27,133697.294699599,104988.2155,473982.2604,1729769.615,237380.7719,118835.36216767,2323640.501,55747.45807,33211.97817,144034.346,31119.34031,4621.420114,136975.6289,6847.069625,30387631.5600852,181747.1184,187975.9458,233559.9727,1066894.154,238537.2144,1836358.58196477
"035-6",2020,9364483.766,1153772.644,547876.5626,23162.49617,193295.1424,369396.3545,251050.6574,946807.3964,37510.54748,86723.26746,476536.9555,669629.6693,213145.555,601154.8199,35929.870702346,770751.522,85314.3688573,502719.151956259,137849.813434938,13780.52634,760190.291,3408063.901,421533.7047,111196.5279437,1165431.88,92807.33721,64212.51102,884573.7076,626555.1851,14789.34258,509427.763,108194.9046,14094569.329865,201881.8451,355384.067,259181.8028,1863860.625,351823.1742,586059.17681074
"036-5",2020,2341381.657,2853719.309,239701.7859,10429.27368,353717.1513,391236.3855,2921.12817,408955.775,96212.15207,72553.77438,396835.7515,614869.7557,302791.5468,694981.896,50779.68518197,6409510.271,104833.0435476,2640836.08159508,120951.2314,53100.25379,729944.4529,124835.0541,5195037.839,383436.5257,17786719.56,87016.11068,1737265.29,123222.0683,423815.0566,1194527.175,270169.4337,123763.9677,44455438.22,369139.9739,689465.2602,580032.3089,3116578.7,167930.5311,215680.6573
"043-23",2020,4472890.005,1230150.849,270322.5178,36853.29948,389093.8083,228834.7047,11194.41563,1059920.329,24793.6734,140503.2281,692806.3139,767062.1693,115570.5699,311508.9015,48918.084605358,2493797.478,45594.07369733,53719.10407,86166.013345477,99095.67101,28176.9231,5770985.735,6027444.808,150783.8269,1105254.976,614524.1765,1043880.419,173295.4207,753056.5193,149326.7471,388695.7106,47703.95341,38050578.82,331786.7618,195481.953,527420.8316,1655296.347,196401.1609,4336926.392
"044-23",2020,3528488.9,1295210.064,594786.5298,58807.90609,262345.0717,742271.9453,65046.22924,608472.635,8068.884656,90818.22809,700277.6233,530754.4255,261251.9653,491583.1807,46493.87426578,2000146.71697175,93606.48288622,2262766.5426797,149707.82120491,99631.39010098,150895.0947,1569959.389,1975000.076,250947.19901632,696733.6679,13396.92411,1023739.368,1009617.297,1292193.989,609834.9349,1392106.148,105339.7209,35250523.0235385,209374.586,288494.6323,527439.5784,2940790.932,351508.0588,1079086.76052475
"045-23",2020,2875551.67,1519886.06,469069.4236,71458.43493,156458.9383,1021362.222,45208.81174,903428.0164,93860.26557,153762.4737,497851.0128,776347.8561,101267.1837,813931.0477,2796.3156,861188.6461,86161.1535539,5353227.29823565,165231.076711582,82255.99513,244926.6678,291292.094,445900.8594,45120.34063,1594098.911,629738.9149,1276612.732,136900.0704,250076.6023,379020.3975,374297.7693,70300.76509,54945390.8,290566.3337,351477.3244,576726.7929,2813669.208,173110.1178,12334853.01
"046-24",2020,2230263.003,2654853.838,725754.2498,58441.48076,733324.8705,400410.1304,75226.58409,562681.3881,251444.7124,138232.3273,527588.8672,809352.8519,142220.1248,442295.8347,16202.5815,1760531.759,39640.5987,85566.83214,6795.4068,181003.6984,510700.7376,46575.18036,1712968.715,1699615.194,2440472.183,16477.37811,626612.9965,467913.7423,190846.1542,909224.8393,1287245.203,112961.0087,44173480.33,719453.6569,480324.126,1103233.437,2554019.526,236555.8811,3054798.435
"047-24",2020,3122752.923,595289.3041,194411.2322,33197.6613,238772.3956,209329.7351,6458.857873,585836.4394,24018.6225,91688.3084,1024594.051,599783.0508,163539.1787,381666.1757,58044.1959389799,316818.3303,22501.95896,273669.146981318,106839.467545979,241327.5994,60942.94846,4243694.636,8477762.627,272155.7576,1612862.939,275934.2359,57664.49142,119419.6584,206992.6304,290017.7447,305709.7752,92466.73143,280895.1427,174925.8009,127920.6803,376899.4506,1231248.109,343016.6044,796438.4116
"048-24",2020,2919780.559,743307.1751,210321.3265,32679.42686,241530.2709,211345.6246,87526.74918466,593230.4654,3633.869422,102489.414,417346.2569,414636.5617,129840.9872,392933.1927,26350.139042136,7113.956895,36965.17880336,75489.092405998,52392.762741558,71635.40295,247198.4865,17984.65049,4367934.668,186953.7771,5818743.397,179882.5028,524401.2552,160153.5865,84612.73928,223817.7767,307348.9064,107123.9358,12964916.2741893,129205.9052,71325.65064,226524.9583,676907.3647,250882.2157,767460.5012
"051-25",2020,8375411.756,1118658.463,310595.2927,10264.55472,374412.1438,315529.7906,19612.19454,785947.3892,41907.54728,122158.1642,254149.9623,575373.4533,320980.7777,277794.8606,40263.5412,328309.8254,2250.9732,126981.8514,109047.714250322,140754.35,96279.75105,843052.9914,6054634.132,2477.418589,3699695.994,574988.5483,228133.763,170114.2374,111800.6803,170307.2297,398534.4573,105616.395,53109347.39,270748.0764,169099.0113,612651.1665,1121229.195,263960.9414,5361008.059
"1-1 CBC",2022,1268379.686,1555049.012,231469.1843,24398426.0890699,193571.8623,331930.019,51398.84585,292644.8242,95414.43255,195828.811,573976.5787,909813.8872,222205.5295,644452.8852,31543.39031226,2320.524257,60800.58199,23932.31587,18469.61283,87445.82279,179623.8661,3673073.686,2259986.032,251710.3283,10607362.08,91554.06832,244117.3197,195225.8334,71546.46485,628274.6108,334121.5926,679.152458,16483.4254,357649.7963,463611.8256,750066.134,3425446.324,341359.7523,265774.3376
"1-12 CBC",2022,1107723.505,624480.1268,1416935.513,40176556.4235697,10566.10195,152238.5973,53622.08586,31167.13005,33177.52451,130255.5468,490152.4636,668548.2697,66158.31644,239908.5257,35759.097177438,188.4111328,55428.53078961,52558.467343336,74848.076638598,17402.77982,110785.5558,757385.8797,5470484.753,162063.50122544,499578.7972,176912.59609115,664166.9105,584685.4706,326283.8424,20195.93937,288282.8907,138126.7893,3041.378309,726089.7529,785207.1224,1119788.719,4031056.451,493319.6705,794604.594257209
"1-13 CBC",2022,3066878.474,1014620.89,832684.2097,114479631.836419,107271.0079,124721.8962,90414.73303,207998.6646,55850.03206,125575.46,829186.0319,1782755.85,78475.09922,131942.598,32306.61551709,258.0873301,23517.12769931,455.4781808,32444.51784934,50854.60138,63894.4132,375543.2064,6188613.415,117215.32692293,256822.2646,62295.43356,4.486238801,751714.7101,706666.7438,284316.13689455,687192.6483,159051.9646,8561.819769,740892.5429,513956.1939,2839184.968,6466965.816,374875.1629,63841.03569
"1-15 CBC",2022,4517873.91,1281245.79,914713.2344,173974742.9,125682.3854,275713.2038,70545.63768,283357.1403,73696.1258,180809.9989,1013652.596,1824237.195,85270.12886,310662.777,23054.035228204,3651.230482,13359.46422,2131.270662,1197.395156,85040.95616,149561.6444,981723.1417,179546.5411,452924.8757,11450248.79,272031.1897,71754.10287,432926.3393,470686.921,265943.6836,360004.374,48479.35053,22881.97258,553756.5184,361814.9069,2216471.595,4427285.383,11736.04221,416423.5051
"1-17 CBC",2022,5940106.986,1964347.434,1361347.251,46486376.6,124975.3245,241453.5579,130451.7064,175185.3115,128065.6529,138599.0617,707313.4462,2441323.735,73434.24771,96338.04767,967.6033746,5833.611684,1770.799219,9014.097426,41929.984311905,82091.56838,216977.6102,778228.5209,1208647.318,146600.50563404,1667572.816,367080.3021,267293.49040154,1275894.972,845280.1185,16092.99614,1853362.336,104833.9813,10011.76094,1434021.405,904521.5548,2865661.054,7232656.354,201278.9576,21767.52056
"1-18 CBC",2022,2432815.625,1064513.129,341302.3419,49734214.6707008,118303.6445,226018.8562,36294.83347,218103.3592,49650.24939,153620.0753,1061172.633,1423490.72,69883.88522,545763.9305,28631.539202502,429.0653186,30494.18004421,15262.460240578,29454.601332419,54738.09476,36516.27383,755598.5979,2384839.177,38838.61193,734625.4846,213162.911,552380.1687,224418.5348,278982.1536,59858.45398,271492.97,30366.00534,15469.68121,341879.146,457013.1667,1435199.461,7764709.012,450406.934,28093.11643
"1-19 CBC",2022,2994557.297,1467479.185,28111.35283,41819470.599558,81887.06955,103545.6189,55628.33048,169643.7099,63160.05574,172010.1387,743962.453,925732.1137,426707.6033,602673.83,49415.928697286,5069.795297,42794.23739443,453262.533919522,1438.562967,127199.1612,156756.5214,1109616.342,6222209.609,47959.60878,2443721.071,2360.039852,5700.548932,220614.8802,55086.68541,789226.0925,175954.4841,5196.894032,10859.20715,658788.4873,545159.6053,1201521.95,3122107.088,402279.1086,48865.3881
"1-21 CBC",2022,2946287.095,1026332.395,697824.3487,75670516.9607808,112877.5005,104918.2364,35184.66171,240822.8624,52005.56853,91417.18069,1152936.344,879480.8348,275169.428,466884.6906,19523.903970366,3561.959379,6184.238185,2699.107795,587.8194989,77897.60226,120810.0248,3029260.969,390852.3225,133187.6595,2809143.446,127398.3462,261028.1079,138038.2404,150599.7052,150636.2476,240721.5839,12374.58768,22032.02155,405356.5673,303830.5813,1013857.897,2257165.285,22848.89382,108910.8243
"1-22 CBC",2022,1573439.641,804959.7641,727329.0753,87281557.1315429,11213.60567,79083.81196,25816.03116,30881.16123,32341.36408,170065.7263,921514.8231,1150081.052,126378.3275,331421.9538,34046.94951612,185.158853,60292.13163258,407.2793404,53109.13207133,67480.58473011,52749.34939,448195.4459,1146850.784,10868.26505,726902.13,89182.07164,283965.0528,193084.2864,206609.0423,326508.07750755,137382.7659,48639.13653,8360.65486,288420.6899,378802.8276,647037.9102,3880345.078,752095.2253,254234.8319176
"1-23 CBC",2022,6955257.353,2431379.544,516126.4709,44493296.797926,162593.1794,418638.4133,52988.5652,314128.5803,133509.5851,181322.7605,1007326.868,905009.7595,317699.5692,464084.2087,22127.116764366,3447.013249,3229.072256,3263.765471,41790.205349112,81597.39411,159517.2006,2707561.274,23572777.97,125356.3297,1646644.466,214129.9324,389287.6571,364196.6439,253984.2322,158556.1627,719324.1607,40560.66381,8012.304083,649205.6871,500862.4771,1531979.84,5294963.688,256240.139,77457.75257
"1-25 CBC",2022,5141025.067,1660524.358,1512347.863,84222249.3563629,139467.3119,172664.2215,139164.7432,364804.6963,101512.9273,192901.1816,1683990.722,2211905.45,114981.2504,173536.1614,24844.501762416,3667.379389,22921.80861071,473.8574339,48871.791645497,73964.91259,121849.991,1804239.336,849931.4172,35511.07356,2986057.888,199880.1948,21480.26606,1302265.315,1116979.11,77469.21079,1768719.665,203216.1805,33999.77464,1840230.076,839966.5696,3483301.764,5933967.315,18006.58512,232573.2357
"1-26 CBC",2022,6368275.24,1687229.696,592004.6155,29478283.8850192,291007.1354,892085.2172,50780.20492,572211.9395,64578.63233,126797.1764,1185022.217,1424066.413,323440.9031,581960.478,30947.261354262,5698.944164,58281.39698917,11066.37959,1303.158746,85926.46835,44523.87254,1264342.958,1415772.749,237422.8135,3827204.316,378118.291,168426.0982,343200.9546,175998.7392,17119.56547,322321.9263,85988.19913,35449.33688,337920.0962,500017.0835,888145.1902,3910345.4,758767.0443,266542.629
"1-28 CBC",2022,3762065.852,851947.6156,0.102536378,103887893.2,98558.384,195790.9972,63385.73844,206211.7696,40819.02131,100065.7535,938050.5262,1354828.364,328088.4346,351983.3403,1880.197824,14103.67196,8585.077702,4203.933935,14850.81458,82713.0058,298526.216,1668503.294,356803.0931,471871.3989,3369578.304,66157.84263,267016.3511,166725.7612,644341.6986,74081.09909,226218.4078,84832.79263,26252.34552,795044.228,535612.7121,2236987.538,4270428.826,696419.0801,144202.7253
"1-30 CBC",2022,5387652.26,1406835.816,1010593.402,43250.44829,205628.7471,470213.7287,68756.37046,402988.1387,73757.35893,106530.2438,1190539.071,635786.6893,160023.2602,430948.675,52060.446190388,74.50892163,49075.78845813,242825.300043838,1112.189515,190440.6502,230321.2559,942737.4058,45896273.32,153878.6417094,1586297.872,47415.73193,365014.942,120317.8411,167130.6859,274281.73377075,215061.8849,70785.82894,4617.200384,579895.8813,789040.8165,1330099.773,9010911.521,583716.874,5050.545369
"1-31 CBC",2022,2601585.782,999946.3226,5.729223174,5611702.078,147664.6874,208141.0831,48233.24675,182468.6218,21012.59032,97393.18631,373077.5271,426311.0041,121736.4017,184572.0314,28604.9847637,157.9077794,63948.40105268,1437797.45325351,146817.053409418,99183.95595214,37413.88126,80495.68411,62351.89987,236940.81703562,114017.0479,228096.4405,548913.361881564,47467.44013,455715.0119,264746.11394943,1746.371296,63913.04094,821.0735278,527867.8393,208061.5939,2204395.066,2568099.706,824231.2775,1892801.36790245
"1-34 CBC",2022,3871393.468,1068929.748,15728.53346,286160844.3,95182.5311,155811.7427,79419.23669,191660.2044,42967.6286,155119.2583,2267330.709,471098.8135,103753.4939,334161.6344,34964.471535156,263.4092787,3098.438773,1246.246254,59950.642180759,133824.5907,208232.6144,1857839.624,90170542.3,172095.6909606,999178.5453,59066.51391,126064.9695,118512.2896,103023.0445,4709.676937,283333.0077,9108.710533,9062.305573,392048.7679,511138.2634,1156122.151,4078803.355,554172.644,4754.307637
"1-35 CBC",2022,8267973.238,1701047.77,1012230.967,42411.02196,170211.0041,265370.8102,45977.18037,546733.3616,55770.04664,159841.9514,784657.1713,872836.9929,189511.7097,241393.3476,1069.401957,3756.027331,7161.729926,2070109.72225279,11165.11702,54861.1305,533470.7858,1046554.486,697196.66,95412.85262,1719883.104,121558.49,48780.08899,248611.9974,1661824.441,36526.12342,309564.6218,238368.3863,60295.38198,1203756.308,1624130.69,2552159.928,10996058.67,386224.9569,25915.52021
"1-36 CBC",2022,5749697.031,1325196.333,980463.521,128718046,42447.12448,40228.06249,50284.82039,101758.3116,54016.22713,72319.41839,1026746.837,1559626.295,87032.13718,184005.2589,32524.391562142,159.87567,49832.10085076,772261.235572882,73967.419764907,27105.41296,29962.40413,630622.8836,1469140.111,107653.02430082,257388.9878,117462.9182,288339.530670152,128466.1262,168670.8893,224646.25062592,223860.0145,106216.4967,926.9584553,1002699.512,611551.4053,2696565.201,5195808,524297.3933,440172.00600528
"1-38 CBC",2022,3549738.336,780469.3246,1272207.953,97189355.14,113228.7106,114767.3289,31957.34319,220095.307,28002.67534,104196.1509,785513.113,1438608.607,34138.02913,55238.96697,32934.593227354,671361.110861734,57101.84356178,1078750.99411809,91191.582724427,83810.56804673,145130.6979,30494.19847,2133872.385,215266.88368005,221241.2395,386942.6227,398392.798186996,126216.7597,161460.905,26742.91837,69456.11118,132019.0356,10484.22041,583838.2402,491489.2101,1857548.816,5907189.085,557196.4038,1822171.06404694
"1-4 CBC",2022,1318578.22,792177.5504,811776.937,49804322.6431384,60382.69733,85330.60991,90358.34055,108605.0627,66580.0468,72263.64441,1138118.792,972377.2805,716196.5125,1011125.285,42776.32507112,1409.267779,60560.80162225,246855.144859476,65038.393180978,150971.3194,268166.0308,841591.4273,2445148.324,8872.530918,696886.9805,349027.1294,262332.8873,845298.4669,484213.1132,18021.23771,791133.3184,120028.6213,2158.4135,1599233.424,818712.5522,2618395.933,5159681.792,597647.1897,164113.9778
"1-43 CBC",2022,8133065.508,1627486.652,1183479.985,93640577.56,142876.0914,356797.0901,39027.38065,282081.9137,56896.19428,225303.7031,1340021.145,1908270.586,288250.6723,364179.6783,61780.068225006,1412.530771,27202.14459128,562.8186316,1248.164462,203011.9641,165639.8107,1840887.202,17770082.22,10218.38568,953618.9191,18187.92622,327386.532543596,406260.5387,247789.8211,44944.14175,501440.2679,36049.52414,22651.46441,796065.1025,713470.9543,2643814.213,6619096.415,487480.3834,74202.38123
"1-45 CBC",2022,1189428.106,1669999.911,320183.9725,16076.94474,196393.5595,618752.0233,27277.49512,45632.26175,297129.6286,78476.16289,508293.1444,1129242.796,424576.9944,763862.3249,50415.6860582,832202.0656,72630.18160233,708120.531905416,95652.145092821,137720.5343,61664.44302,7250064.316,620362.2335,152633.96910015,8121520.082,240732.4353,71819.24044,461696.3997,187942.3395,23819.47539,268592.4922,59850.06773,26526866.92,687649.6562,1541899.866,1400468.968,5712138.766,241386.7653,167695.2946
"1-46 CBC",2022,2036596.424,1460032.183,410737.8966,56227.91604,393914.102,780005.4398,48508.46094,639407.4529,61018.71885,84175.30007,565995.1979,546973.0809,194385.5252,558797.1105,144723.16671059,2779618.223,148066.50042748,2771639.2622318,184522.12547361,72819.67599,188.2936908,449892.3233,1126506.391,185308.84057046,5399453.736,152132.0916,40387.93762,138371.6245,132296.0692,10603.60301,402330.8057,88656.37237,112550904.8,198949.7146,679463.7741,348106.9406,3452630.48,404874.3238,173129.1439
"1-49 CBC",2022,6681501.022,1508604.329,1321980.248,53951.38427,196941.6214,346826.2379,71636.39558,284445.4257,57182.35593,145801.0279,1915674.008,2543101.494,106096.4925,402553.8711,20396.635272474,1762198.93506985,44477.16389782,43044.242143894,906.8774981,90079.33375,153150.5886,758822.1582,435858.004,4201.820613,663767.6211,430344.8454,276590.619375856,473460.789,553189.2443,423447.81251266,549301.0267,104627.5315,19512.6141,1740659.637,1069716.334,3986120.205,10071458.58,259466.2861,1098.793427
"1-5 CBC",2022,1170448.825,862484.5982,746525.3982,25826521.4103274,124065.9446,179120.2496,74597.90495,193356.1964,60371.93372,374441.4023,796419.4295,517541.783,148647.7743,501105.9013,33254.80711354,806.5885016,52790.98078365,319609.999314879,43672.339109434,65928.30457,137272.9022,1091443.669,704897.4706,86569.8997297099,672628.8633,193753.0432,928699.7466,193203.8338,165609.3642,96160.06319,212011.4711,66918.63387,9295.23129,488168.264,335812.6379,1048244.411,3208170.377,764781.0126,69816.00894
"1-50 CBC",2022,3411679.193,1614845.129,475106.2395,13714.954,299344.6145,546138.8911,17265.91453,298867.0061,37297.18947,109876.5495,590599.3595,703102.5073,357241.2099,616346.5579,39436.24983981,2497973.765,48963.14318,1956518.04197196,204038.3483,45807.40589,95041.09679,97937.15733,12799420.73,114721.3546,1609875.625,112020.5842,21342.47405,309504.7764,142530.8573,232003.2825,723632.6851,199109.5906,14201521.05,241015.6059,920928.1206,644166.7718,3070869.892,310669.7742,2767857.067
"1-51 CBC",2022,2007690.78,1577958.661,413283.986,53760.13545,457398.0085,525856.0318,35790.49384,319929.1131,39424.39535,104695.9316,1135282.517,2914506.405,387721.1587,1002024.75,2589.4596,2604982.69,66358.88212503,52091.29727,110857.235402302,64703.75158,31354.22885,83303.52286,2954724.269,375623.7507,23907646.41,263747.0463,90117.55326,503446.1909,413383.5557,243916.4624,1155894.173,86419.17377,34763422.55,766000.2852,1167382.511,1566107.963,5933752.152,194088.8641,935975.4087
"1-52 CBC",2022,1465604.903,2758207.278,409494.0653,61926.17931,86287.49637,595103.3258,43550.6654,104736.1264,212790.2037,56886.2574,515335.548,390843.6168,149721.6346,396224.0358,31821.80463184,1851203.49,81988.26905871,2327819.59716233,244132.572,188520.366,549459.2305,1382855.888,497041.8666,142660.0106,4177351.119,137792.6577,423345.433687208,130011.7962,114120.9279,50315.22778,260660.6508,46403.1491,57055199.92,140003.78,512872.894,242434.4833,2895245.077,380631.6281,160406.2907
"1-53 CBC",2022,1609552.278,3990016.888,320230.1696,32904.44957,98500.16958,427595.6827,17495.18486,148906.6224,88505.74981,46761.54761,516252.5283,582577.6305,585084.3716,948798.2047,108891.732543616,2472283.159,83666.35145207,718158.226655566,148092.02251049,93187.8168852301,3228.214512,1037920.506,2680755.241,143130.66108849,2276501.956,353938.3681,72328.28084,782503.0951,584826.559,41365.88429,416197.9344,2365.925875,201470.9828,265956.9872,556946.5761,844250.69,3475592.902,362580.1587,181989.4461
"1-54 CBC",2022,3978112.251,1959761.793,416519.3556,47553.14975,156181.8545,387459.2272,132947.68900258,295752.6887,43870.50018,147150.4208,484409.2414,263859.185,242149.0308,469058.4774,37982.28235529,982843.9499,85955.24562865,515627.91805098,149876.70994926,4876.018224,484990.2238,3297612.651,2874798.268,146063.0424398,3504115.987,274089.9323,152549.2969,14573.57837,60084.22472,216850.89705553,52166.16202,66747.1637832,8382109.912,61763.69185,35863.26423,136543.3349,450663.413,303473.3291,995275.90640239
"1-6 CBC",2022,1921062.052,1201489.632,444678.559,65923970.0088318,79485.32042,84024.08492,38493.68167,150027.3803,86968.08383,125246.1258,955583.504,1741726.114,66720.81637,173802.3868,28673.69980497,223.0156128,50261.97439817,24443.84789732,35616.211557267,50836.10341,132591.9125,707286.4791,2657168.552,11451.71199,808053.4052,153377.9072,9212.787654,144497.9004,194967.9719,239573.19728507,227010.586,55062.546,25363.81295,622889.1193,275573.0878,2417302.871,3916450.978,130391.1557,72568.96898
"1-8 CBC",2022,1047576.753,950532.4633,1209392.753,60994011.3724167,95391.75764,97172.23336,134342.1785,144920.6659,61647.82979,305909.3511,723615.0018,1434536.255,64317.18602,134589.1095,77664.889687026,4947.180377,5293.855333,7079.900154,2194.852531,73175.606,2074.638079,971943.4045,669657.5877,44878.02793,6712352.892,199341.7868,292649.488132756,1165305.822,957771.9528,125141.0906,844474.0746,65650.82724,35979.29924,727380.1982,616890.2348,1908711.538,4601548.669,226533.3916,382282.8362
"1-9 CBC",2022,1174643.787,1146270.5,1031739.284,91167990.1586424,75835.57049,216132.9061,121329.0505,124487.6016,67289.08519,200788.0492,603303.197,1201488.227,152540.5171,402949.772,21887.953839212,1216.604227,10625.5014,1076.913346,5978.73344,84412.19994,228140.9826,1470640.749,1267691.673,136537.1196,3250833.775,239080.2354,590943.7692,618817.5187,726410.0686,283520.2882,820892.3688,172473.5889,15553.19436,1299774.63,723336.0234,2474695.137,4645089.209,192240.5079,238535.9521
